chunk_id,doc_id,text,title,url,canonical_url,snapshot_url,domain,source_path,section,accessed_at,lastmod,publisher,selector,char_start,char_end,chunk_sha256,page_sha256,lang,tags
www_kumoh_ac_kr_bus_index_jsp_0001,www_kumoh_ac_kr_bus_index_jsp,"Fetched at: 2025-09-23T17:05:02
본문 바로가기
공지사항
노선예약 및 예약현황
노선예약 및 예약현황
대구통학버스 노선예약 및 예약현황을
확인하실 수 있습니다.
공지사항
대구통학버스 관련 공지사항을
확인하실 수 있습니다.
DAEGU SCHOOL BUS
대구통학버스
DAEGU SCHOOL BUS
모두가 안전하고 편리한
통학버스를 함께 만들어갑시다
더 높은 곳을 향해 도약하는 금오공과대학교
 대한민국을 이끌어 나갈 우수한 인재가 기지개를 켜는 곳 !
공지사항
2025학년도 하계 계절학기 및 방학 대구통학버스 운행 안내
2025-06-20
대구통학버스 예약 후 미탑승(노쇼) 제재 부과 알림
2025-05-28
개교기념일(5.22.) 대구통학버스 미운행 안내
2025-05-21
2025학년도 1학기 대구통학버스 운행 안내 ★등교노선 시간 변경, QR 노쇼 확인 실시, 취소가능 시간 조정★
2025-03-04
대구통학버스 예약 오류 관련 공지
2025-02-25
Snapshot of
https://www.kumoh.ac.kr/bus/index.jsp",대구통학버스,https://www.kumoh.ac.kr/bus/index.jsp,https://www.kumoh.ac.kr/bus/index.jsp,data/fixtures/bus__index.jsp__8351bc078ebc87de.html,www.kumoh.ac.kr,/bus/index.jsp,bus,2025-09-23,,www.kumoh.ac.kr,body,0,545,934864b5f82efed0b9ebb458137a20c7c90654a5d0a31824756e42cba4f47b7a,934864b5f82efed0b9ebb458137a20c7c90654a5d0a31824756e42cba4f47b7a,ko,
www_kumoh_ac_kr_dorm_index_do_0001,www_kumoh_ac_kr_dorm_index_do,"Fetched at: 2025-09-23T16:58:57
본문 바로가기
이전 팝업으로 이동
다음 팝업으로 이동
상단팝업 자동 이동
상단팝업 멈춤
오늘하루 열지않기
팝업존 창닫기
행복한 대학생활, 안락하고 쾌적한 주거환경 제공
내 꿈이 자라는 곳,
국립금오공과대학교 생활관
미래를 선도하는 우수한 인재로서 기량을 마음껏 펼칠 수 있는
교육 환경과 편의를 마련하기 위해 힘쓰고 있습니다
생활관 안내
규정과 규칙
선발 공지사항
입·퇴사 공지사항
공지사항
금주의 식단
푸름관, 오름관1동 고장신고
오름관2,3동 시설고장신고
Snapshot of
https://www.kumoh.ac.kr/dorm/index.do",생활관,https://www.kumoh.ac.kr/dorm/index.do,https://www.kumoh.ac.kr/dorm/index.do,data/fixtures/dorm__index.do__113ff7aca47c2bdc.html,www.kumoh.ac.kr,/dorm/index.do,dorm,2025-09-23,,www.kumoh.ac.kr,body,0,338,8a7f171dde6d6e18600ffd0c8b14a3a072fc460e355ff7522f8796a61cc26e80,8a7f171dde6d6e18600ffd0c8b14a3a072fc460e355ff7522f8796a61cc26e80,ko,
www_kumoh_ac_kr_dorm_restaurant_menu01_do_0001,www_kumoh_ac_kr_dorm_restaurant_menu01_do,"Fetched at: 2025-09-23T16:54:49
금주의 식단
푸름관
오름관1동
오름관3동
식당 메뉴 날짜 검색
2025.09.22

 ~

 2025.09.28
식당 메뉴 표
월(09.22)
화(09.23)
수(09.24)
목(09.25)
금(09.26)
토(09.27)
일(09.28)
중식
백미밥
마라순두부찌개
비빔만두
모짜렐라생선까스&치폴레소스
모듬견과조림
맛김치
중식
흑임자닭다리삼계탕
한입김치전
찹쌀콩멸치볶음
깍두기
소떡소떡
중식
백미밥
꽃게탕
블랙알리오치킨
두부구이양념
취나물무침
맛김치
중식
혼합잡곡밥
배추들깨국
오코노미야끼함박스테이크
실곤약야채무침
분모자로제떡볶이
맛김치
중식
혼합잡곡밥
찹쌀새알미역국
훈제오리겨자채
쥐포구이채조림
부추팽이생채
맛김치
중식
백미밥
근대된장국
굴소스제육볶음
땅콩멸치조림
상추쌮잎쌈
맛김치
중식
백미밥
햄김치찌개
메추리알돈육조림
갈치무조림
참나물무침
맛김치
석식
토마토스파게티
양송이스프
양상추망고샐러드
오이피클
깍두기
마늘빵
석식
혼합잡곡밥
쑥갓어묵국
돼지갈비찜
매콤감자조림
불닭팽이버섯볶음
맛김치
석식
쇠고기콩나물밥
유부장국
미역줄기볶음
깍뚝오이무침
알타리무김치
갈떡갈떡꼬치
석식
비빔짬뽕&밥
콩나물맑은국
찐순대
롱김말이튀김
단무지
맛김치
석식
잔치국수
묵은지삼겹구운주먹밥
에그랑땡
무말랭이무침
맛김치
츄로탱탱소시지츄러스
석식
백미밥
경상도식갱시기국
옥수수야함박이야
고메케이준프라이
치커리사과무침
맛김치
석식
백미밥
떡만두국
고추돈육튀김
하트단무지
옥수수콘샐러드
맛김치
※ 우리학교식당은 화학조미료(MSG)를 사용하지 않습니다.
※ 식단은 사정에 따라 메뉴가 변경될 수 있습니다.",생활관 > 생활관안내 > 금주의 식단(푸름관),https://www.kumoh.ac.kr/dorm/restaurant_menu01.do,https://www.kumoh.ac.kr/dorm/restaurant_menu01.do,data/fixtures/dorm__restaurant_menu01.do__169f741311ba3298.html,www.kumoh.ac.kr,/dorm/restaurant_menu01.do,dorm,2025-09-23,,www.kumoh.ac.kr,body,0,803,0ff402402615d05eaaba2d59bb7a4d426a11f621a9012fe7c3a936890a8e9d87,6a7c927fbc1945e5967a5468871db21d1f9fee83b520fa3d6b160a011fc71e91,ko,
www_kumoh_ac_kr_dorm_restaurant_menu01_do_0002,www_kumoh_ac_kr_dorm_restaurant_menu01_do,"치
석식
백미밥
떡만두국
고추돈육튀김
하트단무지
옥수수콘샐러드
맛김치
※ 우리학교식당은 화학조미료(MSG)를 사용하지 않습니다.
※ 식단은 사정에 따라 메뉴가 변경될 수 있습니다.
원산지 안내
쌀(밥,죽,누릉지): 국내산(푸름관/오름관1,3동)
김치: 배추(국내산), 고추가루(국내산)(푸름관/오름관1,3동)
돼지고기: 국내산(푸름관) / 국내산, 미국산(오름관1동) / 국산,브라질산,미국산,캐나다산,스페인산,외국산(오름관3동)
소고기: 호주산(푸름관/오름관1동) / 국산 한우,호주산,미국산,외국산(오름관3동)
닭고기: 국내산(푸름관) / 국내산, 브라질산(오름관1동) / 국내산,브라질산, 태국산(오름관3동)
오리고기: 국내산(푸름관/오름관1,3동)
오징어: 국내산(푸름관) / 국내산, 중국산(오름관1동) / 국내산, 페루산, 중국산(오름관3동)
고등어: 국내산(푸름관/오름관1,3동)
조기: 국내산(푸름관/오름관1동)
갈치: 원양산 모로코(푸름관) / 원양산 세네갈(오름관3동) / 국내산, 남아공산(오름관1동)
명태: 원양산 러시아(푸름관/오름관1,3동)
낙지, 주꾸미: 원양산 베트남(푸름관/오름관1,3동)
두부: 수입산(푸름관/오름관1동) / 외국산(오름관3동)
콩: 국내산, 수입산(푸름관) / 국내산, 중국산, 수입산(오름관1동) / 국내산, 중국산, 외국산(오름관3동)
꽃게: 중국산(푸름관)
햄류, 소세지류, 베이컨류: 국내산(푸름관)
식당 이용방법
입사 등록 후 공지에 게시된 시간 내에 식당을 방문하여 손혈관식수시스템에 등록한 후 식사가 가능합니다.
외부인 동반 및 도식 시도 적발 시 퇴사 등 징계됩니다.",생활관 > 생활관안내 > 금주의 식단(푸름관),https://www.kumoh.ac.kr/dorm/restaurant_menu01.do,https://www.kumoh.ac.kr/dorm/restaurant_menu01.do,data/fixtures/dorm__restaurant_menu01.do__169f741311ba3298.html,www.kumoh.ac.kr,/dorm/restaurant_menu01.do,dorm,2025-09-23,,www.kumoh.ac.kr,body,703,1504,8504c0fa6e4924a1c999f42e3749997c139adba5b0bd291683b1b6aadbbadfa9,6a7c927fbc1945e5967a5468871db21d1f9fee83b520fa3d6b160a011fc71e91,ko,
www_kumoh_ac_kr_dorm_restaurant_menu01_do_0003,www_kumoh_ac_kr_dorm_restaurant_menu01_do,"관)
식당 이용방법
입사 등록 후 공지에 게시된 시간 내에 식당을 방문하여 손혈관식수시스템에 등록한 후 식사가 가능합니다.
외부인 동반 및 도식 시도 적발 시 퇴사 등 징계됩니다.
2학기(공휴일 동일)
푸름관, 오름관1동
중식 시간
- 평일 : 11:30 ~ 13:30
- 주말 : 12:00 ~ 13:00
석식 시간
- 평일 : 17:00 ~ 19:00
- 주말 : 17:00 ~ 18:00
오름관3동
중식 시간
- 평일 : 11:30 ~ 13:30
- 주말 : 12:00 ~ 13:30
석식 시간
- 평일 : 17:00 ~ 19:00
- 주말 : 17:00 ~ 18:30
방학(공휴일 동일)
푸름관 식당, 오름관1동 식당
중식 시간
- 평일 : 12:00 ~ 13:00
- 주말 : 12:00 ~ 13:00
석식 시간
- 평일 : 17:00 ~ 18:00
- 주말 : 17:00 ~ 18:00
※ 수급 사정에 따라 메뉴가 변경될 수 있습니다.
Snapshot of
https://www.kumoh.ac.kr/dorm/restaurant_menu01.do",생활관 > 생활관안내 > 금주의 식단(푸름관),https://www.kumoh.ac.kr/dorm/restaurant_menu01.do,https://www.kumoh.ac.kr/dorm/restaurant_menu01.do,data/fixtures/dorm__restaurant_menu01.do__169f741311ba3298.html,www.kumoh.ac.kr,/dorm/restaurant_menu01.do,dorm,2025-09-23,,www.kumoh.ac.kr,body,1404,1939,a9e37003257ed1de1b3518bd8c8a33582462b43e48cde06905e76f8ff8a0fbb0,6a7c927fbc1945e5967a5468871db21d1f9fee83b520fa3d6b160a011fc71e91,ko,
www_kumoh_ac_kr_dorm_restaurant_menu02_do_0001,www_kumoh_ac_kr_dorm_restaurant_menu02_do,"Fetched at: 2025-09-23T16:54:53
금주의 식단
푸름관
오름관1동
오름관3동
식당 메뉴 날짜 검색
2025.09.22

 ~

 2025.09.28
식당 메뉴 표
월(09.22)
화(09.23)
수(09.24)
목(09.25)
금(09.26)
토(09.27)
일(09.28)
중식
백미밥
들깨무채국
오리훈제야채볶음
메밀면무침
무쌈&양배추찜&야채스틱/쌈장
배추김치
중식
백미밥
미소라멘(면기)
오징어문어핫바
락교&고추피클
양배추샐러드/키위드레싱
배추김치
망고주스
중식
백미밥
황태감자국
멘치카스/소스
잡채
치커리오이무침
배추김치
중식
백미밥
호박고추장찌개
닭고기계란장조림
비빔만두
땅콩멸치볶음
배추김치
중식
돈육생야채비빔밥
된장국
핫도그/케찹
건맛살포조림
배추김치
모듬컵주스
중식
햄김치볶음밥
우동(뚝)
새우튀김/타르타르소
양배추샐러드/딸기요거트드레싱
무말랭이무침제주감귤주스
중식
백미밥
콩나물맑은국
쇠고기가지불고기
짜조튀김/초간장
모듬쌈&모듬스틱/쌈장
배추김치
바나나두유,유기농식혜
석식
백미밥
파개장(뚝)
코다리엿장조림
닭가슴살둥글비엔나브로컬리볶음
감자사과샐러드
배추김치
석식
백미밥
닭수제비국
너비아니피망채볶음
두부찜/볶음김치
어묵감자조림
고추지양념무침
석식
백미밥
쇠고기시금치국
돈육콩나물불고기
달걀말이
맛살마늘쫑볶음
배추김치
석식
베이컨계란볶음밥
어묵국
지파이
그린샐러드/이탈리안드레싱
배추김치
피크닉청포도
석식
백미밥
굴림만두국
치즈닭갈비
찰덕궁합가마보꼬조림
호박느타리나물
배추김치
석식
백미밥
된장국
돈육고추장조림
대왕오징어링튀김/초간장
숙주나물&아몬드파래자반볶음
배추김치
석식
백미밥
쇠고기콩나물무국
",생활관 > 생활관안내 > 금주의 식단(오름관1동),https://www.kumoh.ac.kr/dorm/restaurant_menu02.do,https://www.kumoh.ac.kr/dorm/restaurant_menu02.do,data/fixtures/dorm__restaurant_menu02.do__8d1f673684d11fa8.html,www.kumoh.ac.kr,/dorm/restaurant_menu02.do,dorm,2025-09-23,,www.kumoh.ac.kr,body,0,803,cc0b66d2ee8105ea6b0970ab27677c56ea7e717384e6f9a3dacc06653b830f39,f45902ed838743c43aa3dc3036857a56e90240108b7ff6cc9db3888b328eb673,ko,
www_kumoh_ac_kr_dorm_restaurant_menu02_do_0002,www_kumoh_ac_kr_dorm_restaurant_menu02_do,"국
치즈닭갈비
찰덕궁합가마보꼬조림
호박느타리나물
배추김치
석식
백미밥
된장국
돈육고추장조림
대왕오징어링튀김/초간장
숙주나물&아몬드파래자반볶음
배추김치
석식
백미밥
쇠고기콩나물무국
더블치즈함박스테이크/소스
파프리카달걀볶음
햄감자채볶음
배추김치
※ 우리학교식당은 화학조미료(MSG)를 사용하지 않습니다.
※ 식단은 사정에 따라 메뉴가 변경될 수 있습니다.
원산지 안내
쌀(밥,죽,누릉지): 국내산(푸름관/오름관1,3동)
김치: 배추(국내산), 고추가루(국내산)(푸름관/오름관1,3동)
돼지고기: 국내산(푸름관) / 국내산, 미국산(오름관1동) / 국산,브라질산,미국산,캐나다산,스페인산,외국산(오름관3동)
소고기: 호주산(푸름관/오름관1동) / 국산 한우,호주산,미국산,외국산(오름관3동)
닭고기: 국내산(푸름관) / 국내산, 브라질산(오름관1동) / 국내산,브라질산, 태국산(오름관3동)
오리고기: 국내산(푸름관/오름관1,3동)
오징어: 국내산(푸름관) / 국내산, 중국산(오름관1동) / 국내산, 페루산, 중국산(오름관3동)
고등어: 국내산(푸름관/오름관1,3동)
조기: 국내산(푸름관/오름관1동)
갈치: 원양산 모로코(푸름관) / 원양산 세네갈(오름관3동) / 국내산, 남아공산(오름관1동)
명태: 원양산 러시아(푸름관/오름관1,3동)
낙지, 주꾸미: 원양산 베트남(푸름관/오름관1,3동)
두부: 수입산(푸름관/오름관1동) / 외국산(오름관3동)
콩: 국내산, 수입산(푸름관) / 국내산, 중국산, 수입산(오름관1동) / 국내산, 중국산, 외국산(오름관3동)
꽃게: 중국산(푸름관)
햄류, 소세지류, 베이컨류: 국내산(푸름관)
식당 이용방법
",생활관 > 생활관안내 > 금주의 식단(오름관1동),https://www.kumoh.ac.kr/dorm/restaurant_menu02.do,https://www.kumoh.ac.kr/dorm/restaurant_menu02.do,data/fixtures/dorm__restaurant_menu02.do__8d1f673684d11fa8.html,www.kumoh.ac.kr,/dorm/restaurant_menu02.do,dorm,2025-09-23,,www.kumoh.ac.kr,body,703,1511,ddb81ce20ac8720489b237e5db4825a9a967a0ba701ab8a2e73aa51548092cff,f45902ed838743c43aa3dc3036857a56e90240108b7ff6cc9db3888b328eb673,ko,
www_kumoh_ac_kr_dorm_restaurant_menu02_do_0003,www_kumoh_ac_kr_dorm_restaurant_menu02_do,"입산(푸름관) / 국내산, 중국산, 수입산(오름관1동) / 국내산, 중국산, 외국산(오름관3동)
꽃게: 중국산(푸름관)
햄류, 소세지류, 베이컨류: 국내산(푸름관)
식당 이용방법
입사 등록 후 공지에 게시된 시간 내에 식당을 방문하여 손혈관식수시스템에 등록한 후 식사가 가능합니다.
외부인 동반 및 도식 시도 적발 시 퇴사 등 징계됩니다.
2학기(공휴일 동일)
푸름관, 오름관1동
중식 시간
- 평일 : 11:30 ~ 13:30
- 주말 : 12:00 ~ 13:00
석식 시간
- 평일 : 17:00 ~ 19:00
- 주말 : 17:00 ~ 18:00
오름관3동
중식 시간
- 평일 : 11:30 ~ 13:30
- 주말 : 12:00 ~ 13:30
석식 시간
- 평일 : 17:00 ~ 19:00
- 주말 : 17:00 ~ 18:30
방학(공휴일 동일)
푸름관 식당, 오름관1동 식당
중식 시간
- 평일 : 12:00 ~ 13:00
- 주말 : 12:00 ~ 13:00
석식 시간
- 평일 : 17:00 ~ 18:00
- 주말 : 17:00 ~ 18:00
※ 수급 사정에 따라 메뉴가 변경될 수 있습니다.
Snapshot of
https://www.kumoh.ac.kr/dorm/restaurant_menu02.do",생활관 > 생활관안내 > 금주의 식단(오름관1동),https://www.kumoh.ac.kr/dorm/restaurant_menu02.do,https://www.kumoh.ac.kr/dorm/restaurant_menu02.do,data/fixtures/dorm__restaurant_menu02.do__8d1f673684d11fa8.html,www.kumoh.ac.kr,/dorm/restaurant_menu02.do,dorm,2025-09-23,,www.kumoh.ac.kr,body,1411,2035,22f036b2c8a7b0811de5dbfe30e0893a2061cf2fe8e65f3d288a7994816b9140,f45902ed838743c43aa3dc3036857a56e90240108b7ff6cc9db3888b328eb673,ko,
www_kumoh_ac_kr_dorm_sub0101_do_0001,www_kumoh_ac_kr_dorm_sub0101_do,"Fetched at: 2025-09-23T16:52:32
인사말
국립금오공과대학교 생활관을 방문해 주신
여러분을 진심으로 환영합니다.
지역사회와 국가에 기여하는
인재양성,
국립금오공과대학교 생활관
저희 국립금오공과대학교 생활관은 미래를 선도하는 우수한 인재로서 자신의 기량을 마음껏 펼칠 수 있는 교육환경과 편의를 마련하기 위해 힘쓰고 있습니다.
면학 분위기 형성과 개개인의 인격을 존중하는 공동의 생활을 위해 규율 확립을 통한 절제와 의무를 중시합니다.
이를 바탕으로 학업성취 향상과 다방면의 경험을 통한 “지역사회와 국가에 기여하는 인재양성” 이라는 국립금오공과대학교의 궁극적인 목표와 함께하고 있습니다.
또한 생활관생들의 복지향상을 위해 체력단련실, 세탁실, 휴게실 등의 편의시설을 제공하고 있으며 관생들의 의견 수렴을 최우선으로 최상의 주거공간을 제공하기 위해 노력하고 있습니다.
금오공대 생활관은 다양한 구성원들과의 공동생활을 통해 타인을 배려할 줄 아는 이타심과 협동심을 배우고, 더 나아가 미래의 사회구성원으로서 당당히 자립할 수 있는 성장의 발판이자 배움의 터전이 될 수 있길 바랍니다.
함께하는 관생들의 더 나은 변화를 꿈꾸며 그 뜻에 부합하는 결과를 이뤄낼 수 있기를 간절히 응원합니다.
감사합니다.
국립금오공과대학교 생활관장
천 지 민
Snapshot of
https://www.kumoh.ac.kr/dorm/sub0101.do",생활관 | 생활관 | 인사말,https://www.kumoh.ac.kr/dorm/sub0101.do,https://www.kumoh.ac.kr/dorm/sub0101.do,data/fixtures/dorm__sub0101.do__2542f0a3c4c51fd6.html,www.kumoh.ac.kr,/dorm/sub0101.do,dorm,2025-09-23,,www.kumoh.ac.kr,body,0,698,d6a3f6966027e2a7cfde06be42daf2d0c984c561903735431c0aa89aca4288fa,d6a3f6966027e2a7cfde06be42daf2d0c984c561903735431c0aa89aca4288fa,ko,
www_kumoh_ac_kr_dorm_sub0102_do_0001,www_kumoh_ac_kr_dorm_sub0102_do,"Fetched at: 2025-09-23T16:54:54
연혁
2022
03.01
연구자생활관(아름관B동) 개관
2018
01.01
K-RC교육원을 생활관으로 조직 개편
2016
02.01
오름관3동(BTL) 준공 [2인실 452명, 장애인실 3명, 기혼자실 24명]
2015
12.18
생활관을 K-RC(Kumoh-Residential College)교육원으로 조직 개편
02.25
오름관2동(BTL) 준공 [2인실 302명, 장애인실 3명, 기혼자실 14명]
2014
09.11
오름관3동(BTL) 착공 [479명]
02.28
신평관(신평캠퍼스) 준공 [남 102명, 여 32명, 1인실 4명, 장애인 1명]
2013
12.19
오름관2동(BTL) 착공 [322명]
2009
08.18
오름관 1동 준공 및 개관 [남 290명ㅣ여 130명]
2004
12.09
푸름관 3동 준공 [여 320명]
푸름관 4동 준공 [남 344명]
09.14
푸름관 1동 준공 [남 232명]
푸름관 2동 준공 [남 328명]
Snapshot of
https://www.kumoh.ac.kr/dorm/sub0102.do",생활관 | 생활관 | 연혁,https://www.kumoh.ac.kr/dorm/sub0102.do,https://www.kumoh.ac.kr/dorm/sub0102.do,data/fixtures/dorm__sub0102.do__e0ea26854423557a.html,www.kumoh.ac.kr,/dorm/sub0102.do,dorm,2025-09-23,,www.kumoh.ac.kr,body,0,561,89f110f1290cfacb2ac7dd13f296f5f4cc459374c5acdae3f2058c8c49b7adb2,89f110f1290cfacb2ac7dd13f296f5f4cc459374c5acdae3f2058c8c49b7adb2,ko,
www_kumoh_ac_kr_dorm_sub0103_do_0001,www_kumoh_ac_kr_dorm_sub0103_do,"Fetched at: 2025-09-23T16:55:47
주요사업소개
금오공대 생활관은 생활관 입사를 필요로 하는 학생들을 위한 입사 수용률 확대, 숙소제공 외 편의제공 및 면학분위기 형성 등을 그 목적으로 합니다.
현재 금오공대 생활관은 재정 생활관인 푸름관 4개 동과 아름관 A동이 있으며, 민간투자사업(BTL) 생활관인 오름관 3개 동으로 구성됩니다. 현재 전체 8개 동의 수용인원은 2,587명으로써, 생활관 수용률은 38%에 이르며 원활한 관리에 힘쓰고 있습니다.
그 외 푸름관행정팀, 오름관행정팀이 위치한 관생지원시설인 관리동에는 학생휴게실 등이 위치하며 그 외 관생들의 식사 제공을 위한 식당 3곳, 외국인전용 조리실과 편의점, 북카페 생활관점, 카페테리아, 빨래방, 체력단련실, 독서실 등의 편의시설을 갖추어 복지 향상을 위해 노력하고 있습니다.
Snapshot of
https://www.kumoh.ac.kr/dorm/sub0103.do",생활관 | 생활관 | 주요사업소개,https://www.kumoh.ac.kr/dorm/sub0103.do,https://www.kumoh.ac.kr/dorm/sub0103.do,data/fixtures/dorm__sub0103.do__171195f34444b07f.html,www.kumoh.ac.kr,/dorm/sub0103.do,dorm,2025-09-23,,www.kumoh.ac.kr,body,0,477,be14546c5a67002c24e16de43baeb27826a11e80e8b989f5337511761f3bdf53,be14546c5a67002c24e16de43baeb27826a11e80e8b989f5337511761f3bdf53,ko,
www_kumoh_ac_kr_dorm_sub020102_do_0001,www_kumoh_ac_kr_dorm_sub020102_do,"Fetched at: 2025-09-23T16:50:45
푸름관1동
시설현황
푸름관 1동
푸름관 2동
푸름관 3동
푸름관 4동
아름관 A동
오름관 1동
오름관 2동
오름관 3동
관리동
푸름관 1동
용도 : 남학생 전용관
규모 : 5층/2인-116실/수용인원 232명
시설사진
※ 평면도는 호실마다 배치가 다소 차이가 있을 수 있음(바닥-PVC타일)
전경
평면도-일반실(1인실)
관생실
A 책상
B 책상
A 옷장
B 옷장
빨래방(1층)
화장실
세면대
샤워실
자전거보관대
Snapshot of
https://www.kumoh.ac.kr/dorm/sub020102.do",생활관 | 생활관안내 | 시설현황 | 푸름관1동,https://www.kumoh.ac.kr/dorm/sub020102.do,https://www.kumoh.ac.kr/dorm/sub020102.do,data/fixtures/dorm__sub020102.do__225f1574e6b35752.html,www.kumoh.ac.kr,/dorm/sub020102.do,dorm,2025-09-23,,www.kumoh.ac.kr,body,0,315,8e8db18d094c19a416eff0820fc4c3aa275cd50d22cebb614c0fb3084f6d6ad9,8e8db18d094c19a416eff0820fc4c3aa275cd50d22cebb614c0fb3084f6d6ad9,ko,
www_kumoh_ac_kr_dorm_sub020104_do_0001,www_kumoh_ac_kr_dorm_sub020104_do,"Fetched at: 2025-09-23T16:50:43
푸름관3동
시설현황
푸름관 1동
푸름관 2동
푸름관 3동
푸름관 4동
아름관 A동
오름관 1동
오름관 2동
오름관 3동
관리동
푸름관 3동
용도 : 여학생 전용관
규모 : 6층/4인-80실/수용인원 320명
시설사진
※ 평면도는 호실마다 배치가 다소 차이가 있을 수 있음(바닥-장판)
전경
평면도-일반실(2인실)
관생실
옷장A
옷장B
신발장
책상
※ 위 사진의 크기가 다른 2개 책상을 1인 사용
빨래방(1층)
화장실, 세면기
샤워기
체력단련실(2층)
휴게실(2층)
자동심장제세동기
Snapshot of
https://www.kumoh.ac.kr/dorm/sub020104.do",생활관 | 생활관안내 | 시설현황 | 푸름관3동,https://www.kumoh.ac.kr/dorm/sub020104.do,https://www.kumoh.ac.kr/dorm/sub020104.do,data/fixtures/dorm__sub020104.do__aa4eb3542129ec18.html,www.kumoh.ac.kr,/dorm/sub020104.do,dorm,2025-09-23,,www.kumoh.ac.kr,body,0,355,220e560302831d6cda503cd91ba3478febfa2c5a2fb159fb1fc117b79b56c100,220e560302831d6cda503cd91ba3478febfa2c5a2fb159fb1fc117b79b56c100,ko,
www_kumoh_ac_kr_dorm_sub020105_do_0001,www_kumoh_ac_kr_dorm_sub020105_do,"Fetched at: 2025-09-23T16:50:44
푸름관4동
시설현황
푸름관 1동
푸름관 2동
푸름관 3동
푸름관 4동
아름관 A동
오름관 1동
오름관 2동
오름관 3동
관리동
푸름관 4동
용도 : 남학생 전용관
규모 : 7층/4인-86실/수용인원 344명
시설사진
※ 평면도는 호실마다 배치가 다소 차이가 있을 수 있음(바닥-장판)
전경
평면도-일반실(2인실)
관생실
옷장A
옷장B
신발장
책상
※ 위 사진의 크기가 다른 2개 책상을 1인 사용
빨래방
화장실
세면대
체력단련실(1층)
휴게실(1층)
Snapshot of
https://www.kumoh.ac.kr/dorm/sub020105.do",생활관 | 생활관안내 | 시설현황 | 푸름관4동,https://www.kumoh.ac.kr/dorm/sub020105.do,https://www.kumoh.ac.kr/dorm/sub020105.do,data/fixtures/dorm__sub020105.do__161911ab663777d0.html,www.kumoh.ac.kr,/dorm/sub020105.do,dorm,2025-09-23,,www.kumoh.ac.kr,body,0,337,de8e1ac3ea0ceb8e78b986460e2ebe0fe801d4ade5ab45e54231ad5548219420,de8e1ac3ea0ceb8e78b986460e2ebe0fe801d4ade5ab45e54231ad5548219420,ko,
www_kumoh_ac_kr_dorm_sub0301_do_0001,www_kumoh_ac_kr_dorm_sub0301_do,"Fetched at: 2025-09-23T16:58:44
푸름과 오름
검색
분류 선택
전체
제목 + 내용
제목
내용
작성자
검색어 입력
총
0
건의 자료가 있습니다. (1/1페이지)
푸름과 오름
번호
제목
첨부
작성자
등록일
조회
등록된 글이 없습니다.
Snapshot of
https://www.kumoh.ac.kr/dorm/sub0301.do",생활관 | 자료실 | 푸름과 오름,https://www.kumoh.ac.kr/dorm/sub0301.do,https://www.kumoh.ac.kr/dorm/sub0301.do,data/fixtures/dorm__sub0301.do__762ec43741ff9f04.html,www.kumoh.ac.kr,/dorm/sub0301.do,dorm,2025-09-23,,www.kumoh.ac.kr,body,0,193,b927d0500823e3761d7a11892954859437a8447196dab1fd1b0ba36211127469,b927d0500823e3761d7a11892954859437a8447196dab1fd1b0ba36211127469,ko,
www_kumoh_ac_kr_dorm_sub0303_do_0001,www_kumoh_ac_kr_dorm_sub0303_do,"Fetched at: 2025-09-23T17:36:22
각종 양식
식비환불신청서( 공식적인 교외교육활동)
작성자
KIT생활관
조회
8425
작성일
2012.04.30
첨부
학회참석확인서.hwp
생활관_식비_환불신청서.hwp
□
신청
대상
:
학교의 공식적인 교외교육활동
(졸업여행, 수련활동 및 학회참석 등), 경조사 및 병원 입원등의
사유에
해당되어 연속하여
3일이상
식사를 하지 못할 경우
□ 제출서류
:
식비 환불신청서
및
증빙
서류
※
미 식사기간 시작 7일전 까지 미제출자는 환불 불가
※
(단, 병원 입원 등 사전 환불 신청서 제출이 불가능한 경우 제외)
□
제출방법: 이메일
○ 이메일
- 푸름관:
kit_dorm2@kumoh.ac.kr
- 오름관:
kit_dorm3@kumoh.ac.kr
▶
이메일 제출시 제목에는 반드시 사유, 학번, 이름을 명시합니다.(ex. MT-20201234김금오)
▶ 이메일 제출후
반드시 유선 접수 확인
바랍니다.
★★ 유선 접수 미확인 시 환불이 안될 수 있습니다.
- 푸름관: 054-478-7201
- 오름관: 054-478-7947
이전글
이전글이 없습니다.
다음글
생활관 경위서 양식
목록
Snapshot of
https://www.kumoh.ac.kr/dorm/sub0303.do?article.offset=0&articleLimit=10&articleNo=54330&mode=view",생활관 | 자료실 | 각종 양식,https://www.kumoh.ac.kr/dorm/sub0303.do?article.offset=0&articleLimit=10&articleNo=54330&mode=view,https://www.kumoh.ac.kr/dorm/sub0303.do?article.offset=0&articleLimit=10&articleNo=54330&mode=view,data/fixtures/dorm__sub0303.do__01b1d5aa78afaa8a.html,www.kumoh.ac.kr,/dorm/sub0303.do,dorm,2025-09-23,,www.kumoh.ac.kr,body,0,694,1b48ac470cbca98d03893de1cca314ef97b132adbdc0f57ff75846e3dbdb124b,1b48ac470cbca98d03893de1cca314ef97b132adbdc0f57ff75846e3dbdb124b,ko,
www_kumoh_ac_kr_dorm_sub0303_do_0001,www_kumoh_ac_kr_dorm_sub0303_do,"Fetched at: 2025-09-23T17:36:15
각종 양식
생활관 제증명 발급 신청서
작성자
관리자
조회
6335
작성일
2022.10.18
첨부
생활관_제증명_발급_신청서.hwp
연구자생활관_제증명_발급_신청서-25.2.18..hwp
생활관 제증명서 발급 신청안내
KIT포털시스템(Onekit) 도입으로 제증명 발급이 전산화되었습니다.
(연구자 생활관 제외)
하단 바로가기를 통하여 신청 및 발급하여 주시기 바랍니다.
감사합니다.
★ 2025년 납부내역 부터
1. 푸름관, 아름관A동, 오름관:
KIT 포털시스템 바로가기
2. 연구자 생활관(아름관B동): 신청서(첨부파일) 메일 발송 후 유선 전화 접수 확인
- 메일: kit_dorm4@kumoh.ac.kr
- 전화: 054-478-7944
★ 2025년 이전 납부내역( ~ 2024학년도 동계방학까지)
2024학년도 동계방학까지 납부내역은 기존 메일 접수 방식으로 신청해주시기 바랍니다.
1. 푸름관, 아름관A동
- 메일: kit_dorm2@kumoh.ac.kr
- 전화: 054-478-7201
2. 오름관
- 메일: kit_dorm3@kumoh.ac.kr
- 전화: 054-478-7947
※ 신청서 제출 후 반드시 유선 전화 접수 확인
- 발급일: 신청서 접수 후 익일 오후 2시까지 발급(공휴일 제외)
※ 연말정산 소득공제에서 생활관비는 소득공제 대상이 아님을 알려드립니다.
- 생활관비는 소득세법상 교육비 불공제 대상입니다.
- 학교는 비영리 법인으로 부가가치세가 불포함된 면세 사업자입니다.
이에 따라 생활관비는 현금영수증 발급이 불가능합니다.
이전글
생활관 경위서 양식
",생활관 | 자료실 | 각종 양식,https://www.kumoh.ac.kr/dorm/sub0303.do?article.offset=0&articleLimit=10&articleNo=412161&mode=view,https://www.kumoh.ac.kr/dorm/sub0303.do?article.offset=0&articleLimit=10&articleNo=412161&mode=view,data/fixtures/dorm__sub0303.do__03508ff677315d52.html,www.kumoh.ac.kr,/dorm/sub0303.do,dorm,2025-09-23,,www.kumoh.ac.kr,body,0,810,a08217aa6dc15303fe2584373175a11573103aecffbfc09751ab2f9bb61cd837,01d470fdc32c9da78767e4077b9c3a40cd96895d194d658a97e7eff7b5910c39,ko,
www_kumoh_ac_kr_dorm_sub0303_do_0002,www_kumoh_ac_kr_dorm_sub0303_do,"상 교육비 불공제 대상입니다.
- 학교는 비영리 법인으로 부가가치세가 불포함된 면세 사업자입니다.
이에 따라 생활관비는 현금영수증 발급이 불가능합니다.
이전글
생활관 경위서 양식
다음글
다음글이 없습니다.
목록
Snapshot of
https://www.kumoh.ac.kr/dorm/sub0303.do?article.offset=0&articleLimit=10&articleNo=412161&mode=view",생활관 | 자료실 | 각종 양식,https://www.kumoh.ac.kr/dorm/sub0303.do?article.offset=0&articleLimit=10&articleNo=412161&mode=view,https://www.kumoh.ac.kr/dorm/sub0303.do?article.offset=0&articleLimit=10&articleNo=412161&mode=view,data/fixtures/dorm__sub0303.do__03508ff677315d52.html,www.kumoh.ac.kr,/dorm/sub0303.do,dorm,2025-09-23,,www.kumoh.ac.kr,body,710,939,b7971cd45da996f321a8212b00473de00c56338ea229f1b2ef7400a806755ec0,01d470fdc32c9da78767e4077b9c3a40cd96895d194d658a97e7eff7b5910c39,ko,
www_kumoh_ac_kr_dorm_sub0303_do_0001,www_kumoh_ac_kr_dorm_sub0303_do,"Fetched at: 2025-09-23T17:36:19
각종 양식
생활관 경위서 양식
작성자
관리자
조회
4728
작성일
2021.01.14
첨부
경위서양식.hwp
경위서_신청_관련_동의서(양식).hwp
생활관 경위서 양식
제출 방법: 이메일 제출( kit_dorm1@kumoh.ac.kr)
이전글
식비환불신청서( 공식적인 교외교육활동)
다음글
생활관 제증명 발급 신청서
목록
Snapshot of
https://www.kumoh.ac.kr/dorm/sub0303.do?article.offset=0&articleLimit=10&articleNo=247606&mode=view",생활관 | 자료실 | 각종 양식,https://www.kumoh.ac.kr/dorm/sub0303.do?article.offset=0&articleLimit=10&articleNo=247606&mode=view,https://www.kumoh.ac.kr/dorm/sub0303.do?article.offset=0&articleLimit=10&articleNo=247606&mode=view,data/fixtures/dorm__sub0303.do__6d61df6f8f23ed5d.html,www.kumoh.ac.kr,/dorm/sub0303.do,dorm,2025-09-23,,www.kumoh.ac.kr,body,0,323,34a41e0adb12c9b01a5a1218a9853a1155c10d4637e39b46bf26c0f375513ff5,34a41e0adb12c9b01a5a1218a9853a1155c10d4637e39b46bf26c0f375513ff5,ko,
www_kumoh_ac_kr_dorm_sub0303_do_0001,www_kumoh_ac_kr_dorm_sub0303_do,"Fetched at: 2025-09-23T16:58:53
각종 양식
검색
분류 선택
전체
제목 + 내용
제목
내용
작성자
검색어 입력
총
0
건의 자료가 있습니다. (1/1페이지)
각종 양식
번호
제목
첨부
작성자
등록일
조회
[공지]
생활관 제증명 발급 신청서
관리자
2022-10-18
6335
관리자
2022-10-18
6335
[공지]
생활관 경위서 양식
관리자
2021-01-14
4728
관리자
2021-01-14
4728
[공지]
식비환불신청서( 공식적인 교외교육활동)
KIT생활관
2012-04-30
8425
KIT생활관
2012-04-30
8425
Snapshot of
https://www.kumoh.ac.kr/dorm/sub0303.do",생활관 | 자료실 | 각종 양식,https://www.kumoh.ac.kr/dorm/sub0303.do,https://www.kumoh.ac.kr/dorm/sub0303.do,data/fixtures/dorm__sub0303.do__ad22a8bf308f5c27.html,www.kumoh.ac.kr,/dorm/sub0303.do,dorm,2025-09-23,,www.kumoh.ac.kr,body,0,367,24d9478a9031cf7f7f55c3eba7af79c578ebd4e48ae7a2b101ed1f97772ba679,24d9478a9031cf7f7f55c3eba7af79c578ebd4e48ae7a2b101ed1f97772ba679,ko,
www_kumoh_ac_kr_ko_sub02_01_01_do_0001,www_kumoh_ac_kr_ko_sub02_01_01_do,"학부(과)소개
국립금오공과대학교 차별화된 교육과정으로 새로운 학문의 지평을 열어갑니다.
공학
건축토목환경공학부
홈페이지
건축공학전공, 건축학전공, 토목공학전공, 환경공학전공
기계공학부
홈페이지
기계공학전공, 기계시스템공학전공
기계공학부 스마트모빌리티전공
홈페이지
산업·빅데이터공학부
홈페이지
산업공학전공, 수리빅데이터전공
재료공학부
홈페이지
고분자공학전공, 신소재공학전공
전자공학부
홈페이지
전자공학부, 반도체시스템전공
컴퓨터공학부
홈페이지
소프트웨어전공, 인공지능공학전공, 컴퓨터공학전공
화학소재공학부
홈페이지
소재디자인공학전공, 화학공학전공, 화학생명소재전공
광시스템공학과
홈페이지
바이오메디컬공학과
홈페이지
IT융합학과
홈페이지
자율전공학부
홈페이지
인문사회
경영학과
홈페이지
교양학부
교양학부
홈페이지
학부 및 입학정원
학부 및 입학정원을 계열, 모집단위, 전공, 입학정원(2022학년도), 비고에 관한 정보를 제공하는 정보표 입니다.
모집단위
전공
입학정원
합계
1,239
공학
건축토목환경공학부
건축공학전공, 건축학전공(5년제),
토목공학전공, 환경공학전공
95
기계공학부
기계공학전공, 기계시스템공학전공
146
기계공학부 스마트모빌리티전공
60
산업·빅데이터공학부
산업공학전공, 수리빅데이터전공
74
재료공학부
고분자공학전공, 신소재공학전공
106
전자공학부
반도체시스템전공, 전자공학부
145
컴퓨터공학부
소프트웨어전공, 컴퓨터공학전공
89
컴퓨터공학부 인공지능공학전공
35
화학소재공학부
소재디자인공학전공, 화학공학전공, 화학생명소재전공
73
광시스템공학과
27
바이오메디컬공학과
31
IT융합학과
5
인문사회
경영학과
",국립금오공과대학교 | 교육 | 대학 | 학부(과)소개,https://www.kumoh.ac.kr/ko/sub02_01_01.do,https://www.kumoh.ac.kr/ko/sub02_01_01.do,data/fixtures/ko__sub02_01_01.do__112e33bea5e37b3e.html,www.kumoh.ac.kr,/ko/sub02_01_01.do,ko,2025-09-23,,www.kumoh.ac.kr,article,0,804,ebcb82600e335d4ae73288555b2a37ee8ff539be5f8592d17249dcb232d74182,0d05958fbeb4ce3ff480d5353805fbb08fcc0d740e45609253d62abb2062c92c,ko,
www_kumoh_ac_kr_ko_sub02_01_01_do_0002,www_kumoh_ac_kr_ko_sub02_01_01_do,"퓨터공학부 인공지능공학전공
35
화학소재공학부
소재디자인공학전공, 화학공학전공, 화학생명소재전공
73
광시스템공학과
27
바이오메디컬공학과
31
IT융합학과
5
인문사회
경영학과
28
자율전공학부
325",국립금오공과대학교 | 교육 | 대학 | 학부(과)소개,https://www.kumoh.ac.kr/ko/sub02_01_01.do,https://www.kumoh.ac.kr/ko/sub02_01_01.do,data/fixtures/ko__sub02_01_01.do__112e33bea5e37b3e.html,www.kumoh.ac.kr,/ko/sub02_01_01.do,ko,2025-09-23,,www.kumoh.ac.kr,article,704,817,cdf2c1cefae3d5e67d6cebd86658fbe5e0866c2c138474a0e2e4e932c360623b,0d05958fbeb4ce3ff480d5353805fbb08fcc0d740e45609253d62abb2062c92c,ko,
www_kumoh_ac_kr_ko_sub02_01_02_do_0001,www_kumoh_ac_kr_ko_sub02_01_02_do,"전자공학부
홈페이지 바로가기
전자공학부
School of Electronic Engineering
4차 산업혁명 시대를 이끄는 IT 전문인
전자공학은 타학문 분야에 비해 그 발전 속도가 현저히 빠르며 아울러, 학문의 세분화,복합화가 활발하게 진행되고 있는 매우 역동적인 분야이다.
 또한 각종 전자 기술들은 현대의 산업 및 정보화 사회에서 최첨단 핵심기술로서 자리 잡고 있으며, 그 응용 분야 또한 매우 다양해져 가고 있다.
 금오공과대학교 전자공학부에서는 이러한 학문 발전의 추세에 적극 대처하고 기술 수요를 능동적으로 수용하여 첨단 전자공학 분야에서 창의적으로 활동할
 수 있는 미래 지향적인 공학 기술자를 양성하기 위하여 다양한 현장 실무형 교육 프로그램의 개발, 최신 교육기자재의 확보, 우수한 교수진 및
 산업체 겸임교수를 초빙하여 학문적 이론과 기술적실기 교육을 병행하고 있다.
학과관련 자격증
전기공사기사, 전기기사, 반도체설계기사, 전자기사, 정보처리기사, 무선설비기사, 방송통신기사, 정보통신기사, 전파전자통신기사 등이 있다.
졸업후진로
스마트폰설계, 반도체설계 및 제조, 평판/차세대 디스플레이, 디지털TV, 임베디드시스템, 이동통신 산업용 로봇, 산업용통신망,
 홈네트워크, 의용전자, 공장자동화, 국방ICT 융복합기술, 연구소 연구원, 대학원진학 및 해외유학 등
전공동아리
· ECC, O2 : 학술 동아리
· 포인트, MACOS, CSR, Short : 진학 동아리
· IR, ECST, 라플라스, NES : 축구 및 체육활동 동아리",국립금오공과대학교 | 교육 | 대학 | 전자공학부,https://www.kumoh.ac.kr/ko/sub02_01_02.do,https://www.kumoh.ac.kr/ko/sub02_01_02.do,data/fixtures/ko__sub02_01_02.do__a6531930c3e242c1.html,www.kumoh.ac.kr,/ko/sub02_01_02.do,ko,2025-09-23,,www.kumoh.ac.kr,article,0,759,1827f160f3f14678fa9cea124ae606545d570f1b4a81cb2bd25386d38a720077,1827f160f3f14678fa9cea124ae606545d570f1b4a81cb2bd25386d38a720077,ko,
www_kumoh_ac_kr_ko_sub02_01_03_do_0001,www_kumoh_ac_kr_ko_sub02_01_03_do,"건축토목환경공학부
4차 산업혁명 시대를 선도할 창의적이고 지속 가능한 건축과 도시 환경을 설계할 인재를 양성합니다. 건축공학, 건축학, 토목공학, 환경공학 전공으로 구성된 본 학부는 스마트 기술, 친환경 인프라, 지속가능한 도시 개발을 아우르는 융합 교육을 제공하며, 미래 도시를 이끌 글로벌 인재 양성을 목표로 혁신적인 교육과 연구를 선도합니다.
홈페이지 바로가기
건축공학전공
Department of Architectural Engineering
국제 경쟁력을 갖춘 전문 건축기술자 양성을 목표로 하고 있습니다. 이를 위해 구조, 건설, 환경 분야 교육을 중심으로 안전하고 쾌적한 건축공간과 그 형태의 실체적 구현을 위한 기초과학, 공학기초이론, 공학설계, 실험·실습 등 공학적 이론에 대한 실질적인 이해능력을 키우고자 합니다.
홈페이지 바로가기
건축학전공
Department of Architecture
국제적 기준에 맞춘 5년제 과정의 설계중심 교육을 제공합니다. 인간 행위와 사회, 문화, 기술에 대한 폭넓은 이해를 바탕으로 실무능력과 국제적 경쟁력을 갖춘 건축사 양성을 목표로 본 전공의 교육은 건축설계를 중심으로 한 다양한 실습과정과 특성화된 이론수업으로 구성됩니다.
홈페이지 바로가기
토목공학전공
Department of Civil Engineering
도로, 철도, 항만, 공항, 교량, 터널, 하천, 수자원, 댐, 관개배수, 상하수도, 지하철, 고속전철, 원자력발전소, 선박, 플랜트 등 사회기반시설을 건설하기 위한 계획, 설계, 시공 및 유지관리를 하는데 필요한 학문입니다.
홈페이지 바로가기
환경공학전공
Department of Environmental Engineering
",국립금오공과대학교 | 교육 | 대학 | 건축토목환경공학부,https://www.kumoh.ac.kr/ko/sub02_01_03.do,https://www.kumoh.ac.kr/ko/sub02_01_03.do,data/fixtures/ko__sub02_01_03.do__3786433a7aeb670d.html,www.kumoh.ac.kr,/ko/sub02_01_03.do,ko,2025-09-23,,www.kumoh.ac.kr,article,0,838,05546925c9ec23e7e5f9f417c336d2bbcaeda8fa75e8bfa4eebbfe13d979ef12,d1cb888454fe4bbf9371db57bde7bd1dbfcbeea88f65c4c7ffa98fde5dbd4b49,ko,
www_kumoh_ac_kr_ko_sub02_01_03_do_0002,www_kumoh_ac_kr_ko_sub02_01_03_do," 건설하기 위한 계획, 설계, 시공 및 유지관리를 하는데 필요한 학문입니다.
홈페이지 바로가기
환경공학전공
Department of Environmental Engineering
삶의 터전인 자연환경 및 생활환경을 개선/보전하기 위하여 적용할 수 있는 여러 기술의 기초 및 응용을 배우는 학문으로, 환경공학전공에서는 기후 위기, 에너지 문제, 자원 재활용 등을 비롯한 다양한 전지구적 환경문제를 주도적으로 해결할 수 있는 인재를 양성합니다.",국립금오공과대학교 | 교육 | 대학 | 건축토목환경공학부,https://www.kumoh.ac.kr/ko/sub02_01_03.do,https://www.kumoh.ac.kr/ko/sub02_01_03.do,data/fixtures/ko__sub02_01_03.do__3786433a7aeb670d.html,www.kumoh.ac.kr,/ko/sub02_01_03.do,ko,2025-09-23,,www.kumoh.ac.kr,article,738,984,a9dd315c466aea055dc0abf27cdd24139e47bf2eb3bd46ae445e410335ea7ad9,d1cb888454fe4bbf9371db57bde7bd1dbfcbeea88f65c4c7ffa98fde5dbd4b49,ko,
www_kumoh_ac_kr_ko_sub02_01_04_do_0001,www_kumoh_ac_kr_ko_sub02_01_04_do,"산업·빅데이터공학부
산업·빅데이터공학부는 최신 기술과 지식을 활용하여 지능정보사회를 견인할 산업의 혁신을 위한 이론과 방법론을 교육한다.
빅데이터 기반의 시스템 분석과 예측, 설계 교육 프로그램을 통해 다양한 산업 현장에 적용할 수 있는 특화된 전문성과 실무 역량을 함양한다.
홈페이지 바로가기
산업공학전공
Department of Industrial Engineering
학과관련 자격증
빅데이터분석기사, 품질관리기사, 인간공학기사, 물류관리기사, 산업안전기사, 서비스경험디자인기사 등
졸업후진로
산업공학도는 제조분야, 공공 및 서비스분야에서 기술과 경영을 이해하는 진정한 리더로서, 설계 및 제조 프로세스 혁신에 기반한 제조업(자동차, 반도체, 화학 등), ICT관련 기업을 포함하여 프로세스 혁신 중심의 엔지니어링 산업(중공업, 건축/토목, 플랜트) 및 물류유통은 물론 제품/서비스 혁신을 주로 다루는 서비스업, 의료, 공기업 등 모든 제 분야에 진출하고 있다.
학과 동아리 소개
· 치즈(디자인)
· 하나로(축구)
홈페이지 바로가기
수리빅데이터전공
Department of Mathematics & Big Data Science
학과관련 자격증
전자상거래관리사, 정보처리기사, 정보보안기사, 보험계리사, 손해사정사, 재무위험 관리사, 금융자산 관리사, 파생상품 투자상담사, 국가공인 데이터분석 전문가, 국가기술빅데이터 분석기사, 사회조사분석사, SAS 국제공인자격증 등
졸업후진로
데이터 생태계의 특성상, 졸업 후 데이터가 생성, 분석, 활용되는 모든 분야로 취업이 가능하다. 특히 공기업, 민간기업, 금융/보험기관, 연구소 등에서 소프트웨어 개발자, 사이버 보안 전문가, 데이터 분석가, 데이터 컨설턴트 등으로 활동할 수 있다.",국립금오공과대학교 | 교육 | 대학 | 산업·빅데이터공학부,https://www.kumoh.ac.kr/ko/sub02_01_04.do,https://www.kumoh.ac.kr/ko/sub02_01_04.do,data/fixtures/ko__sub02_01_04.do__b99ea1625ed2f046.html,www.kumoh.ac.kr,/ko/sub02_01_04.do,ko,2025-09-23,,www.kumoh.ac.kr,article,0,860,f523b9739c3172c3f67540be8657ceb77f3f4d8df115af6d21564a74f9bd4dc1,a396655902527c6a0e14cfd7a8f1341f9da5d4ae221897b325573d46e0ffae17,ko,
www_kumoh_ac_kr_ko_sub02_01_04_do_0002,www_kumoh_ac_kr_ko_sub02_01_04_do," 분야로 취업이 가능하다. 특히 공기업, 민간기업, 금융/보험기관, 연구소 등에서 소프트웨어 개발자, 사이버 보안 전문가, 데이터 분석가, 데이터 컨설턴트 등으로 활동할 수 있다. 또한 심도 있는 지식을 습득하기 위해 졸업 후 컴퓨터, 수학, 통계, 경제, 경영 등의 타 학과 대학원에 진학하여 석사, 박사학위를 취득한 후 연구소나 학계로 진출할 수 있다.
최근 졸업생의 취업 현황은 금융기관, 공기업, 컨설팅 회사, 기업 전산원, 대학원 진학, 사설교육기관 운영 등 다방면에 걸쳐 활발하게 이루어지고 있다. 빅데이터 시대 핵심인 빅데이터 전문가의 수요가 증가함에 따라, 전문지식과 활용능력을 갖춘 수리빅데이터전공 졸업생들의 활발한 사회진출을 기대한다.
학과 동아리 소개
· 비스킷(암호학)
· 컴사랑(전산)
· 시그마(축구&풋살)
· TI, Track Impactor(학술)",국립금오공과대학교 | 교육 | 대학 | 산업·빅데이터공학부,https://www.kumoh.ac.kr/ko/sub02_01_04.do,https://www.kumoh.ac.kr/ko/sub02_01_04.do,data/fixtures/ko__sub02_01_04.do__b99ea1625ed2f046.html,www.kumoh.ac.kr,/ko/sub02_01_04.do,ko,2025-09-23,,www.kumoh.ac.kr,article,760,1194,0c42172f7085f2cb0e36b1b56f5ff4c4b9ab1645fb7aded5f2db4d13e2603e36,a396655902527c6a0e14cfd7a8f1341f9da5d4ae221897b325573d46e0ffae17,ko,
www_kumoh_ac_kr_ko_sub02_01_05_do_0001,www_kumoh_ac_kr_ko_sub02_01_05_do,"화학소재공학부
첨단 기술과 산업의 발전은 소재에 대한 깊이 있는 이해로부터 시작되며, 이에 따라 세계 각국은 화학소재의 개발과 응용에 막대한 투자와 노력을 기울이고 있다. 본 학부는 섬유·고분자, 화학공학, 바이오 분야에 적용되는 다양한 화학소재의 기초 및 응용 지식을 탐구하고, 이를 바탕으로 차세대 섬유·의류, 반도체·전자재료, 에너지, 생명공학 분야 등의 다양한 분야에서 과학기술과 산업 발전에 직접적으로 기여할 수 있는 인재를 양성한다.
홈페이지 바로가기
소재디자인공학전공
Department of Materials Design Engineering
섬유 ․ 고분자 기반 유기소재 산업은 첨단 인프라기술인 정보기술, 나노기술, 바이오기술과 융합하고 소재 ․ 상품 디자인 기술이 접목되어 고기능 패션소재, 웨어러블 컴퓨터, 산업용 슈퍼소재, 메디컬 소재, 환경친화형 염색, 기능화 가공 등 고부가가치형 산업으로 발전하고 있으므로, 본 학과에서도 이러한 패러다임의 변화에 대응하는 교육을 제공하고 있다. 첨단기술 융합형 유기소재공학 교육과 CAD를 비롯한 IT기술을 응용하는 텍스타일소재디자인, 컬러디자인, 상품기획 및 마케팅 교육을 포함하는 커리큘럼으로 편성하여, 산업에서 요구하는 맞춤형 인재 및 관련 산업을 이끌어갈 인재를 양성하고자 한다. 또한 공학인증제(ABEEK)를 도입하여 취업경쟁력을 강화시키는 교육에 중점을 두고 있다. 졸업 후 수도권과 지역의 텍스타일 소재와 패션 제품, 제조, 염색, 가공, 기획, 무역, 유통 등 다양하고 폭넓은 분야의 기업체 및 연구소에 진출하고 있으며 관심 분야의 심화된 연구를 위해 대학원 과정으로도 진학할 수 있다.",국립금오공과대학교 | 교육 | 대학 | 화학소재공학부,https://www.kumoh.ac.kr/ko/sub02_01_05.do,https://www.kumoh.ac.kr/ko/sub02_01_05.do,data/fixtures/ko__sub02_01_05.do__583b46d7c5c97255.html,www.kumoh.ac.kr,/ko/sub02_01_05.do,ko,2025-09-23,,www.kumoh.ac.kr,article,0,819,23fb8eeea4a2ea01049a62e1fcca7c631bb0579e3bc150b678bfc705df5657dc,1fd2a393d76a237d06da30868e7b91f970a1abe8561a501a9c400700ce9b0c25,ko,
www_kumoh_ac_kr_ko_sub02_01_05_do_0002,www_kumoh_ac_kr_ko_sub02_01_05_do," 제품, 제조, 염색, 가공, 기획, 무역, 유통 등 다양하고 폭넓은 분야의 기업체 및 연구소에 진출하고 있으며 관심 분야의 심화된 연구를 위해 대학원 과정으로도 진학할 수 있다.
홈페이지 바로가기
화학공학전공
Department of Chemical Engineering
전통적으로 화학공학은 ‘화학’을 기반으로 인간생활에 필요한 ‘화학제품’을 만드는데 필요한 모든 과정을 포함하는 학문이다. 산업혁명 이후 정유 산업과 석유화학산업의 발달로, 화학공학은 인류에게 가장 중요한 공학 분야 중 하나로 자리매김 했다. 그리고 현재 화학공학은 전통적인 굴뚝 산업에서 한 단계 나아가, 전자 산업 분야, 신재생에너지 분야, 나노소재, 바이오산업 분야로 그 영역을 확장하고 있으며, 현재 우리나라 산업에서도 큰 비중을 차지하고 있다.
화학공학과는 화학공학에서 전통적으로 요구하는, 열역학, 유체역학, 반응공학, 전달현상, 공정기술에 대한 기본 이론과 기술 등에 대한 내용을 다룬다. 뿐만 아니라, 최신 화학공학 분야인, 태양전지와 이차전지로 대표되는 신재생에너지 기술과 그린화학제품개발, 청정공정, 촉매, 식품 및 의약품 개발을 위한 바이오 분야 기술, 첨단 신소재 및 촉매분야에 응용되고 있는 나노 기술 등에 대해서도 다룬다. 이를 통해, 화학공학과는 우리 세대뿐만 아니라 미래세대에서도 중요하게 다루어 질, 전통의 화학공학과 새로운 화학공학 분야를 아우를 수 있는 능력을 갖춘 전문인력을 양성하는 데 초점을 맞추고 있다.
홈페이지 바로가기
화학생명소재전공
Department of Chemical Materials and Bio Engineering
",국립금오공과대학교 | 교육 | 대학 | 화학소재공학부,https://www.kumoh.ac.kr/ko/sub02_01_05.do,https://www.kumoh.ac.kr/ko/sub02_01_05.do,data/fixtures/ko__sub02_01_05.do__583b46d7c5c97255.html,www.kumoh.ac.kr,/ko/sub02_01_05.do,ko,2025-09-23,,www.kumoh.ac.kr,article,719,1528,35790ec40fa98367e7732e382b1f49237d502fc2d90fa5c98015e73174ef490a,1fd2a393d76a237d06da30868e7b91f970a1abe8561a501a9c400700ce9b0c25,ko,
www_kumoh_ac_kr_ko_sub02_01_05_do_0003,www_kumoh_ac_kr_ko_sub02_01_05_do,"갖춘 전문인력을 양성하는 데 초점을 맞추고 있다.
홈페이지 바로가기
화학생명소재전공
Department of Chemical Materials and Bio Engineering
화학생명소재 전공은 화학소재공학과 생명공학 기술의 기반이 되는 학문을 교육하여 현대 산업계의 에너지소재, 정밀화학, 전자재료, 생명공학, 의료의약 분야의 핵심 기술을 선도할 산업전문인력과 고급핵심인재를 양성하기 위하여 설립된 전공이다. 본 전공의 교육 과정은 화학, 생명과학 등 기초과학과 이들 기초학문을 응용한 에너지화학소재 트랙과 생명공학 트랙으로 이루어져 있어 진로에 맞는 트랙으로 심화학습이 가능하다. 본 전공에서는 활발한 현장연구가 진행되는 연구실 중심의 연구참여가 활성화 되어 있어, 관련 전공과목의 학습과 함께, 연구개발 현장의 실무적 기술 습득을 가능하게 한다. 이를 통해 국가 미래산업을 선도할 이차전지, 태양전지, 반도체, 전자재료, 수소에너지, 생명공학, 신약, 의료, 화장품 산업분야에 기여하는 실무형 인재 양성을 목표로 한다.",국립금오공과대학교 | 교육 | 대학 | 화학소재공학부,https://www.kumoh.ac.kr/ko/sub02_01_05.do,https://www.kumoh.ac.kr/ko/sub02_01_05.do,data/fixtures/ko__sub02_01_05.do__583b46d7c5c97255.html,www.kumoh.ac.kr,/ko/sub02_01_05.do,ko,2025-09-23,,www.kumoh.ac.kr,article,1428,1947,69d32a35514e105a35ae6d0011849bc71e57c26a61cd55ed85e25602b78f8830,1fd2a393d76a237d06da30868e7b91f970a1abe8561a501a9c400700ce9b0c25,ko,
www_kumoh_ac_kr_ko_sub02_01_06_do_0001,www_kumoh_ac_kr_ko_sub02_01_06_do,"재료공학부
재료공학부는 디스플레이, 휴대폰, 반도체 등의 전자/정보기기 산업에 필요한 정보기술(IT: Information Technology) 관련소재와 이차전지, 수소연료전지, 태양전지 등의 미래 에너지 산업에 핵심이 될 에너지기술(ET: Energy Technology) 관련 소재, 지속가능한 발전을 위한 친환경 기술 및 관련소재(GT: Green Technology) 및 디스플레이, 휴대폰, 반도체 등의 첨단산업의 바탕 기술로 주목받고 있는 나노기술(Nano Technology) 관련소재의 물리적, 화학적, 기계적 특성에 대한 이해와 응용을 다루는 학부입니다.
우리 학부에서는 국가기간산업 및 중화학공업과 첨단소재산업의 근간을 이루는 정보/전자 및 반도체소자, 나노소재, 신금속, 철강 및 비철소재, 고분자소재, 탄소복합소재, 자동차소재, 항공우주소재, 환경에너지재료, 이차전지 및 태양전지 소재, 파인세라믹스, 조선공업소재, 유연웨어러블소재, 친환경고분자소재, 바이오헬스소재, 각종 기계부품소재 등을 연구, 개발, 제조하는데 필수적인 핵심인력을 양성함으로써 졸업 후 국내외 산업체에서 창조적이고 중추적인 역할을 수행할 수 있는 공학도를 배출하고, 첨단 미래 산업사회를 이끌어갈 중심세력을 양성하고 있습니다.
홈페이지 바로가기
고분자공학전공
Department of Polymer Science and Engineering
고분자공학전공은 이차전지, 반도체, 바이오 의료, 탄소나노복합소재, 정밀 화학소재 등 첨단 산업을 선도하는 고분자 신소재 전문가를 양성하는 것을 목표로 합니다. 고분자 소재는 전기차 배터리의 핵심 소재, 반도체용 초순수 정제 필터, 신약 개발을 위한 바이오 소재, 차세대 디스플레이 소재 등 다양한 첨단 기술의 중심에 있습니다.",국립금오공과대학교 | 교육 | 대학 | 재료공학부,https://www.kumoh.ac.kr/ko/sub02_01_06.do,https://www.kumoh.ac.kr/ko/sub02_01_06.do,data/fixtures/ko__sub02_01_06.do__8d00f9ca6a43b938.html,www.kumoh.ac.kr,/ko/sub02_01_06.do,ko,2025-09-23,,www.kumoh.ac.kr,article,0,875,efa7560ca30db9c53782d997f2bc2fb43d1e89f2b4a2afbb10af80c32d65b5e7,627a2e573c73b287368c61a7455eeed1e605f146a986eee12dd4b031d36930f3,ko,
www_kumoh_ac_kr_ko_sub02_01_06_do_0002,www_kumoh_ac_kr_ko_sub02_01_06_do,"로 합니다. 고분자 소재는 전기차 배터리의 핵심 소재, 반도체용 초순수 정제 필터, 신약 개발을 위한 바이오 소재, 차세대 디스플레이 소재 등 다양한 첨단 기술의 중심에 있습니다. 이에 따라, 고분자공학전공은 미래 산업을 이끄는 필수적인 공학 분야로 자리 잡고 있습니다.
고분자공학전공에서는 기초 과학(화학, 물리, 생명과학)을 바탕으로 화학공학, 신소재공학, 나노공학 등 융합적 사고력을 기를 수 있도록 교육과정을 설계했습니다. 졸업 후에는 소재·화학·반도체·배터리·바이오 산업 등 미래 성장 가능성이 높은 산업에서 활약할 수 있습니다.
홈페이지 바로가기
신소재공학전공
Department of Materials Science and Engineering
신소재공학전공은 디스플레이, 휴대폰, 반도체 등의 전자/정보기기 산업에 필요한 정보기술(IT: Information Technology) 관련소재와 이차전지, 수소연료전지, 태양전지 등의 미래 에너지 산업에 핵심이 될 에너지기술(ET: Energy Technology) 관련소재 및 디스플레이, 휴대폰, 반도체 등의 첨단산업의 바탕기술로 주목받고 있는 나노기술(Nano Technology) 관련소재의 물리적, 화학적, 기계적 특성에 대한 이해와 응용을 다루는 전공입니다.
우리 전공에서는 국가기간산업 및 중화학공업과 첨단소재산업의 근간을 이루는 정보/전자 및 반도체소자, 나노소재, 신금속, 철강 및 비철소재, 자동차소재, 항공우주소재, 환경에너지재료, 이차전지 및 태양전지 소재, 파인세라믹스, 조선공업소재, 각종 기계부품소재 등을 연구, 개발, 제조하는데 필수적인 핵심인력을 양성함으로써 졸업 후 국내외 산업체에서 창조적이고 중추적인 역할을 수행할 수 있는 공학도를 배출하고, 첨단 미래 산업사회를 이끌어갈 중심세력을 양성하고 있습니다.",국립금오공과대학교 | 교육 | 대학 | 재료공학부,https://www.kumoh.ac.kr/ko/sub02_01_06.do,https://www.kumoh.ac.kr/ko/sub02_01_06.do,data/fixtures/ko__sub02_01_06.do__8d00f9ca6a43b938.html,www.kumoh.ac.kr,/ko/sub02_01_06.do,ko,2025-09-23,,www.kumoh.ac.kr,article,775,1670,1034e0e8e0378ab03def8c5168735841c69e893f0690facb95ed8089597a6079,627a2e573c73b287368c61a7455eeed1e605f146a986eee12dd4b031d36930f3,ko,
www_kumoh_ac_kr_ko_sub02_01_08_do_0001,www_kumoh_ac_kr_ko_sub02_01_08_do,"기계공학부
창의적이고 실무적인 역량을 갖춘 인재를 양성하는 것을 목표로 한다. 기계공학은 자동차, 항공, 에너지, 로봇, 제조 등 다양한 산업에서 핵심적인 역할을 하며 본 학부에서는 기계 설계, 동력학 및 제어, 에너지 변환, 재료 및 구조 해석 등 다양한 학문을 학습한다. 교육과정은 기초과학 및 수학, 기계공학 핵심 과목(4대 역학), 응용 및 설계, 실험 및 프로젝트 등으로 구성되어 있다. 또한, 인공지능(AI), 사물인터넷(IoT)을 접목한 스마트 제조 기술과 친환경 에너지 기술도 함께 탐구한다. 실무 중심의 교육을 통해 졸업생들은 자동차 및 항공산업, 에너지 및 플랜트 산업, 로봇 및 자동화 분야 등에서 활약할 수 있고 끊임없는 연구와 혁신을 바탕으로 미래 산업을 선도할 글로벌 엔지니어로 성장시키고자 한다.
홈페이지 바로가기
기계공학전공
Department of Mechanical Engineering
기계공학은 공학의 기반이며 모든 산업의 뿌리로서 21세기 학문융합 시대에서 알파(A)와 오메가(Ω)역할을 담당하고 있으며, 사회와 산업의 다양한 분야에서 자동화와 융합의 진행에 따라 기계공학 전문가의 수요는 계속 증가하는 추세입니다. 기계공학전공에서는 역학의 기본 이론과 관련 응용 분야의 교육 및 실험실습을 통하여 우리나라의 공업발전을 선도할 유능한 인재를 양성하는 것을 목표로 합니다. 고체역학, 열역학, 유체역학, 동역학 등의 이론과 열전달, 냉동 및 공기조화, 유체기계, 연소공학, 자동차공학, CAD/CAE 등의 응용을 배우고, 체계적인 설계 및 종합과제 수행을 통하여 문제해결 능력을 키우는 훈련을 한 졸업생들은 기계공업을 비롯한 산업체의 다양한 분야에서 지도적 역할을 담당하는 엔지니어로 활동하고 있습니다.",국립금오공과대학교 | 교육 | 대학 | 기계공학부,https://www.kumoh.ac.kr/ko/sub02_01_08.do,https://www.kumoh.ac.kr/ko/sub02_01_08.do,data/fixtures/ko__sub02_01_08.do__6ef5183b516b9b84.html,www.kumoh.ac.kr,/ko/sub02_01_08.do,ko,2025-09-23,,www.kumoh.ac.kr,article,0,861,020a1dfe6c730c9ac4f7924cf53f3837242cc6426ff83b7a69003ac4af0fa7cd,555e770f9a7b9417ca2a0f0e9fb66947a4d386a3b3ed34a5e660994474036762,ko,
www_kumoh_ac_kr_ko_sub02_01_08_do_0002,www_kumoh_ac_kr_ko_sub02_01_08_do,"계적인 설계 및 종합과제 수행을 통하여 문제해결 능력을 키우는 훈련을 한 졸업생들은 기계공업을 비롯한 산업체의 다양한 분야에서 지도적 역할을 담당하는 엔지니어로 활동하고 있습니다.
홈페이지 바로가기
기계시스템공학전공
Department of Mechanical System Engineering
기계시스템공학은 현대 첨단사회를 지탱하는 모든 산업의 기본학문이다. 기계공학의 일반적 기초를 포함하여 고체역학, 파괴역학, 컴퓨터응용 설계, 절삭 및 연삭가공 등 주로 기계나 구조물의 설계와 생산에 관련된 교육을 수행하여 고급기술 인력을 양성하여 국가산업발전에 이바지함을 그 목표로 한다. 전통적으로 우위를 보이는 자동차, 항공, 중공업, 조선을 비롯해 구미국가산업단지의 전자․전기산업분야 및 중화학산업에서도 많은 수요가 있어 졸업생들은 국내 우량대기업을 중심으로 취업하고 있다. 이 같은 장점으로 타 학과에 비해 안정적인 취업과 장래성이 보장되는 경쟁력을 갖고 있다.",국립금오공과대학교 | 교육 | 대학 | 기계공학부,https://www.kumoh.ac.kr/ko/sub02_01_08.do,https://www.kumoh.ac.kr/ko/sub02_01_08.do,data/fixtures/ko__sub02_01_08.do__6ef5183b516b9b84.html,www.kumoh.ac.kr,/ko/sub02_01_08.do,ko,2025-09-23,,www.kumoh.ac.kr,article,761,1244,ed088495e53e75bb2e60ee312f3a992a60868a5070dfeadcd45f17ff11ca0e86,555e770f9a7b9417ca2a0f0e9fb66947a4d386a3b3ed34a5e660994474036762,ko,
www_kumoh_ac_kr_ko_sub02_01_11_do_0001,www_kumoh_ac_kr_ko_sub02_01_11_do,"컴퓨터공학부
컴퓨터공학부에서는 현대 사회의 필수적인 컴퓨터와 정보기술의 원리를 배우고 이를 통해 다양한 문제를 해결할 수 있도록 한다. 실무적인 문제를 논리적으로 분석하고 창의적으로 해결할 수 있는 능력을 갖춰 급속히 발전하는 정보통신기술을 선도하고 다양한 산업 분야에서 컴퓨팅 지식을 활용하여 사회적 가치와 혁신을 창출할 수 있는 주도적인 인재로서 인간 중심의 기술을 구현할 수 있는 책임감 있는 컴퓨터 과학자로 성장하는 것을 목표로 한다. 프로그래밍, 데이터 구조, 알고리즘, 운영체제, 네트워크, 데이터베이스, 인공지능, 머신러닝, 소프트웨어공학 등의 컴퓨터 기본 이론부터 실습에 이르기까지 폭넓은 영역을 포함하며 실무와 연구에 필요한 기술을 배우기 위해 여러 프로젝트를 수행하며, 이를 통해 실력을 쌓고 협업과 문제 해결 능력을 배양한다. 변화하는 디지털 사회에 적응하고 이를 주도할 수 있는 창의적이고 윤리적인 엔지니어를 양성하여 단순한 기술 습득을 넘어, 소프트웨어와 하드웨어 시스템의 원리를 이해하는 능력을 함양한다.
홈페이지 바로가기
소프트웨어전공
Department of Software
컴퓨터공학부 소프트웨어전공은 소프트웨어 및 하드웨어 시스템을 개발할 수 있는 창의적이고 실천적인 엔지니어를 양성하는 것을 교육 목표로 한다. 교육 목표 달성을 위하여 최신 프로그래밍 언어의 사용 능력을 배양하고, 소프트웨어 및 하드웨어 시스템 설계에 필요한 기초 이론 및 응용 기술을 교육한다. 안드로이드, 아이폰, 윈도우 및 리눅스 등 다양한 플랫폼에서의 개발 능력을 밀착 지도하고, 다양하고 창의적인 프로젝트를 통해 최신 소프트웨어 및 하드웨어 시스템 설계·개발을 수행하여 하드웨어 및 소프트웨어 산업에 필수적인 고급 인력을 양성한다.",국립금오공과대학교 | 교육 | 대학 | 컴퓨터공학부,https://www.kumoh.ac.kr/ko/sub02_01_11.do,https://www.kumoh.ac.kr/ko/sub02_01_11.do,data/fixtures/ko__sub02_01_11.do__c9547569bbb59d5e.html,www.kumoh.ac.kr,/ko/sub02_01_11.do,ko,2025-09-23,,www.kumoh.ac.kr,article,0,863,be5e41341000d902b45006ebdd9b3f49922be5d85cb1c5829104ac40c479e6d8,bf0e05f0cc96639f7feb0b7df632c5b3168ccc58d9a4554034a491d7c6378536,ko,
www_kumoh_ac_kr_ko_sub02_01_11_do_0002,www_kumoh_ac_kr_ko_sub02_01_11_do,"발 능력을 밀착 지도하고, 다양하고 창의적인 프로젝트를 통해 최신 소프트웨어 및 하드웨어 시스템 설계·개발을 수행하여 하드웨어 및 소프트웨어 산업에 필수적인 고급 인력을 양성한다. 소프트웨어전공은 실무 현장에서 필요로 하는 기술을 중심으로 교육하고 있으며, 이를 위하여 Web/SI 트랙과 IoT/모바일 트랙, 인공지능/메타버스 트랙으로 나누어 교육과정을 운영한다. 2학년까지는 전공기초 공통과정을 교육하고, 3학년 1학기에는 전공심화 공통과정, 3학년 2학기에는 트랙별 전공심화 과정을 교육하고, 4학년에서는 트랙별 고급응용과정을 교육하고 있다.
홈페이지 바로가기
인공지능공학전공
Department of Artificial Intelligence Engineering
초연결, 초지능을 핵심으로 하는 4차 산업혁명 시대의 도래로 인해 산업 전 분야에서 인공지능(AI) 기술 및 인력 수요가 급격히 증가하고 있다. 이러한 변화에 대응하기 위해 신설된 인공지능공학과는, 다양한 산업 분야에서 요구하는 인공지능 기초, 이론, 설계, 융합 능력을 갖춘 실전적 인공지능 인재 양성을 목표로 하고 있다. 빠르게 변화하는 인공지능 기술 패러다임을 효과적으로 습득할 수 있도록, AI기초 수학부터 소프트웨어 기반 기술을 거쳐 인공지능 응용 기술을 포괄하는 체계적인 교육 프로그램을 구축하였다. 인공지능공학전공 학생들은 이미지/영상 분석, 자연어 처리, 음성인식, 시계열 데이터 분석 등 최신 인공지능 기술을 학습하고 다양한 분야에 응용 및 융합할 수 있는 능력을 함양하여 미래사회 인공지능 핵심인재로 성장하게 된다.
홈페이지 바로가기
컴퓨터공학전공
",국립금오공과대학교 | 교육 | 대학 | 컴퓨터공학부,https://www.kumoh.ac.kr/ko/sub02_01_11.do,https://www.kumoh.ac.kr/ko/sub02_01_11.do,data/fixtures/ko__sub02_01_11.do__c9547569bbb59d5e.html,www.kumoh.ac.kr,/ko/sub02_01_11.do,ko,2025-09-23,,www.kumoh.ac.kr,article,763,1568,665489e8988c6346c69bad720840dafc83c2ecbbd42e9b499265daa10c6e369f,bf0e05f0cc96639f7feb0b7df632c5b3168ccc58d9a4554034a491d7c6378536,ko,
www_kumoh_ac_kr_ko_sub02_01_11_do_0003,www_kumoh_ac_kr_ko_sub02_01_11_do,"데이터 분석 등 최신 인공지능 기술을 학습하고 다양한 분야에 응용 및 융합할 수 있는 능력을 함양하여 미래사회 인공지능 핵심인재로 성장하게 된다.
홈페이지 바로가기
컴퓨터공학전공
Department of Computer Engineering
컴퓨터공학은 다른 학문 분야에 비해 발전 속도가 매우 빠르며, 이러한 변화는 산업 현장에 즉시 반영되고 있다. 컴퓨터공학전공에서는 급변하는 기술 동향과 산업 수요를 반영해 교과과정을 정기적으로 개편하고 운영하고 있다. 현재 교육과정은 저학년에게 기초 역량을 강화할 수 있는 실습 기반 과목을 제공하고, 고학년에게는 컴퓨터공학의 최신 기술과 국가적 수요에 부합하는 전문 역량을 함양할 수 있도록 시스템 소프트웨어와 응용 소프트웨어의 두 심화전공을 제공한다. 또한, 학년별 프로젝트 과목과 산업체 현장실습을 통해 창의적이며 실무 중심적인 과제 해결 능력을 배양한다.",국립금오공과대학교 | 교육 | 대학 | 컴퓨터공학부,https://www.kumoh.ac.kr/ko/sub02_01_11.do,https://www.kumoh.ac.kr/ko/sub02_01_11.do,data/fixtures/ko__sub02_01_11.do__c9547569bbb59d5e.html,www.kumoh.ac.kr,/ko/sub02_01_11.do,ko,2025-09-23,,www.kumoh.ac.kr,article,1468,1917,8620e78f2305e6e45d193771f7deb5278f0c1828e7609ac367bae2514a3a9c91,bf0e05f0cc96639f7feb0b7df632c5b3168ccc58d9a4554034a491d7c6378536,ko,
www_kumoh_ac_kr_ko_sub02_03_02_01_do_0001,www_kumoh_ac_kr_ko_sub02_03_02_01_do,"학사 FAQ
학적 및 휴복학
학적 및 휴복학
수강신청
학점인정
장학금 및 등록금
검색
전체
제목 + 내용
제목
내용
작성자
총
14
건의 자료가 있습니다. (1/2페이지)
★ 증명서 발급 방법 안내
- 발급 수수료: 학생 부담을 완화를 위해 2025. 2. 10.(월) 부터 인터넷 증명 발급 시 출력 수수료가 무료로 운영됩니다.
※ 출력을 통한 제증명 발급 수수료에 한하며, PDF 원본 파일 전자정보인증 및 대행수수료는 수요자 부담
[ 증명서 발급방법 안내 ]
▶ 자동증명발급기 : 학생회관 1층 로비 (무인발급기)
24시간 이용가능 / 수수료 없음
▶ 인터넷증명발급 : 포털(Onekit) - 퀵메뉴 - 인터넷증명발급
http://kumoh.webminwon.kr
/
▶ 정부24 – 대학교 증명신청
https://www.gov.kr
★ 가까운 주민센터 이용하여 팩스로 증명서 송부됨
수수료 없음
등록금을 내고 휴학중이였는데 자퇴를 하게 되면 등록금 반환 금액은 어떻게 되나요?
제적시 등록금 반환금액은 다음과 같습니다
.
1. 관련 : 대학 등록금에 관한 규칙 제6조 제2항 등록금의 반환기준
2. 등록금 반환금액은 반환사유 발생일에 따라 다름
제적시 등록금 반환금액 정보표 : 반환 사유 발생일, 반환금액에 관한 정보를 제공하는 정보표
반환 사유 발생일
반 환 금 액
학기 개시일 전까지
전액반환
학기 개시일부터 30일까지
등록금의 5/6 해당액
학기 개시일에서 30일이 지난 날부터 60일까지
등록금의 2/3 해당액
학기 개시일에서 60일 지난 날부터 90일까지
등록금의 1/2 해당액
학기 개시일에서 90일이 지난 날
",국립금오공과대학교 | 교육 | 대학 학사안내 | 학사 FAQ,https://www.kumoh.ac.kr/ko/sub02_03_02_01.do,https://www.kumoh.ac.kr/ko/sub02_03_02_01.do,data/fixtures/ko__sub02_03_02_01.do__71052a39bc6cd898.html,www.kumoh.ac.kr,/ko/sub02_03_02_01.do,ko,2025-09-23,,www.kumoh.ac.kr,article,0,801,ab3f64d59c8e73877de9645e679d4739bc868a37dfae9686ad1f70828914b1c2,8ce1d7b8005fc40ed037ce524f29bdddd0e7a2b12d25333b6e993792bcecee50,ko,
www_kumoh_ac_kr_ko_sub02_03_02_01_do_0002,www_kumoh_ac_kr_ko_sub02_03_02_01_do,"액
학기 개시일에서 30일이 지난 날부터 60일까지
등록금의 2/3 해당액
학기 개시일에서 60일 지난 날부터 90일까지
등록금의 1/2 해당액
학기 개시일에서 90일이 지난 날
반환하지 않음
<예시>
○ 2015. 2. 2. 학생이 휴학을 1년(2학기)신청 한 후, 복학하지 않고 2016. 2. 22. 자퇴한 경우, 등록금 반환금액은?
→ 학기 개시일 이전 자퇴하였으므로, 등록금 전액반환
○ 2015. 3. 16. 학생이 휴학을 1년(2학기)신청 한 후, 복학하지 않고 2016. 2. 22. 자퇴 한 경우, 등록금 반환금액은?
→ 학기 개시일 이후 휴학하였으므로, 반환금액은 등록금의 5/6해당액 반환
군제대 날짜가 개학이 좀 지나서인데 복학 할 수 있나요?
군제대 일자가 개학 이후이나 휴가 등으로 학기중 출석에 문제가 되지 않을 경우 복학 가능합니다.
단, 개학 후 제대이나 제대 시기가 늦어 출석에 문제가 되는 경우 054-478-7066으로 전화하여 상담 받기 바랍니다.
복학 할 시기가 남아 있는데 시기를 앞당겨 복학이 가능한가요?
앞당겨 복학 가능합니다.
단, 미리 복학하여 역학기 복학 할 경우 수강신청에 주의가 필요 하니 수강지도상담을 필히 받고 수강신청을 진행하기 바랍니다.
* 역학기 복학 : 휴학전 최종적으로 등록한 학기와 동일한 학기로 복학하는 경우
ex) 1학기를 마치고 휴학 했던 학생이 다시 1학기에 복학하는 경우
복학 신청일자는 언제인가요?
복학 신청은
매년 1월, 7월 초에
인터넷으로 이루어집니다.
일반휴학에서 군입대 휴학으로 변경하려고 하는데 어떻게 해야 하나요?
▶ 당해 학기 3/4선 이전 입영통지서 조회가 가능한 경우, 군입대휴학으로 변경 가능
",국립금오공과대학교 | 교육 | 대학 학사안내 | 학사 FAQ,https://www.kumoh.ac.kr/ko/sub02_03_02_01.do,https://www.kumoh.ac.kr/ko/sub02_03_02_01.do,data/fixtures/ko__sub02_03_02_01.do__71052a39bc6cd898.html,www.kumoh.ac.kr,/ko/sub02_03_02_01.do,ko,2025-09-23,,www.kumoh.ac.kr,article,701,1536,fdd8cd9395cde2356d5ecc324f421c4707bd451089e13d2249dea826dffd547d,8ce1d7b8005fc40ed037ce524f29bdddd0e7a2b12d25333b6e993792bcecee50,ko,
www_kumoh_ac_kr_ko_sub02_03_02_01_do_0003,www_kumoh_ac_kr_ko_sub02_03_02_01_do,"인터넷으로 이루어집니다.
일반휴학에서 군입대 휴학으로 변경하려고 하는데 어떻게 해야 하나요?
▶ 당해 학기 3/4선 이전 입영통지서 조회가 가능한 경우, 군입대휴학으로 변경 가능
▶ 원킷-통합정보시스템-학사행정-학적-휴학신청(학생) 메뉴를 통해 군입대휴학 신청
▶ 입영통지서를 증빙자료로 첨부해야함
▶ 이미 신청한 일반휴학은 휴학기간으로 산입되지 않으며, 군입대휴학만 휴학기간으로 산정됨
휴학을 하게되면 등록금과 성적은 어떻게 되나요?
▶ 등록금 납부 후 휴학한 경우, 등록금은 복한한 학기의 등록금으로 사용됨
▶ 휴학 시점이 수업시수 3/4를 넘은 경우 해당 학기 성적이 부여되고, 해당 학기 등록금은 전액 소진됨
휴학기간이 만료되어 휴학을 연장하고 싶은데 어떻게 해야 하나요?
인터넷 휴학신청 기간(매년 1월, 7월 초)을 활용하여 휴학을 다시 신청하면 휴학을 연장할 수 있습니다.
휴학 가능한 총 기간이 얼마나 되나요?
일반휴학의 경우 1회 신청시 최대 1년 신청이 가능하며, 총 사용 할 수 있는 기간은
신입학자 총 6학기(3년) 편입학자 총 3학기(1년 반)
입니다.
휴학 신청 일정은 언제인가요?
일반적으로 휴학은
매년 1월, 7월 초에
인터넷으로 이루어집니다.
(일반휴학은 수업일수 1/4선 전까지만 가능 / 군입대휴학 및 질병휴학은 상시 신청 가능)
1
2
로 이동
맨 마지막 페이지로 이동",국립금오공과대학교 | 교육 | 대학 학사안내 | 학사 FAQ,https://www.kumoh.ac.kr/ko/sub02_03_02_01.do,https://www.kumoh.ac.kr/ko/sub02_03_02_01.do,data/fixtures/ko__sub02_03_02_01.do__71052a39bc6cd898.html,www.kumoh.ac.kr,/ko/sub02_03_02_01.do,ko,2025-09-23,,www.kumoh.ac.kr,article,1436,2110,9cb5363542144008224fefb037aaf924744a47eda24dc524a2192222d1fa13fd,8ce1d7b8005fc40ed037ce524f29bdddd0e7a2b12d25333b6e993792bcecee50,ko,
www_kumoh_ac_kr_ko_sub02_03_02_01_do_0001,www_kumoh_ac_kr_ko_sub02_03_02_01_do,"학사 FAQ
학적 및 휴복학
학적 및 휴복학
수강신청
학점인정
장학금 및 등록금
검색
전체
제목 + 내용
제목
내용
작성자
총
14
건의 자료가 있습니다. (2/2페이지)
휴학 신청시 필요한 서류가 있나요?
▶ 일반휴학: 제출 서류 없음
▶ 군입대휴학: 입영통지서
▶ 질병휴학: 4주 이상 진단서
▶ 창업휴학: 본인 명의 사업자등록 증명원
▶ 임신`출산`육아 휴학: 등본, 가족관계증명서, 임신확인서 등
공학교육인증 증명서 발급은?
▶ 인터넷증명발급을 통해 발급 가능
공학교육인증 변경 신청기간 운영 안내
공학교육인증 변경 신청 안내
1. 공학교육인증 변경이란?
공학교육인증 프로그램을 운영하는 학부(과)에 소속된 학생들은 공학교육인증제도를 이수하여야 졸업이 가능합니다.

 다만 2010학년도 이전에 입학한 학생과 모든 편입생들에게는 재학 중 1회에 한해 정해진 신청기간내에 인증과정에서 비인증과정으로 신청할 수 있는 기회가 주어집니다.
2. 공학교육인증 변경 신청방법
매 학기 중 이수 포기 신청 기간이 운영되며, 약 1달 전 홈페이지를 통해 공지됩니다.
1) 변경 신청대상
2010학년도 이전 입학생 중 4학기차(2학년 2학기)생 중 변경을 희망하는 학생
편입생은 편입한 첫 학기 (편입한 학기에만 변경 신청 가능)생 중 변경을 희망하는 학생
2) 변경 신청방법
희망하는 학생은 변경 신청서를 홈페이지에서 다운받아 작성
지도교수와 공학교육인증 프로그램 PD교수의 승인(확인 서명) 받은 후 기간 내에 학부(과) 행정실에 제출
※ 공학교육인증 여부 및 변경 확정내역은 원스톱서비스 - 학적자료조회 - 추가이수과정에서 확인 가능
",국립금오공과대학교 | 교육 | 대학 학사안내 | 학사 FAQ,https://www.kumoh.ac.kr/ko/sub02_03_02_01.do?article.offset=10&articleLimit=10&mode=list,https://www.kumoh.ac.kr/ko/sub02_03_02_01.do?article.offset=10&articleLimit=10&mode=list,data/fixtures/ko__sub02_03_02_01.do__a71382d62d8abefd.html,www.kumoh.ac.kr,/ko/sub02_03_02_01.do,ko,2025-09-23,,www.kumoh.ac.kr,article,0,801,f12eec3223cbb73d3d4f0f43bf20983bfb82ad3c6ea4b8ee425222aea44a246b,f10396ef71d1d1d0575a6a28bd071575d6efcc44892e2297496543e646cf2573,ko,
www_kumoh_ac_kr_ko_sub02_03_02_01_do_0002,www_kumoh_ac_kr_ko_sub02_03_02_01_do,"그램 PD교수의 승인(확인 서명) 받은 후 기간 내에 학부(과) 행정실에 제출
※ 공학교육인증 여부 및 변경 확정내역은 원스톱서비스 - 학적자료조회 - 추가이수과정에서 확인 가능
3. 공학교육인증 변경 관련 문의
☎ 478-7952 (공학교육혁신센터 여고은)
※ 공학교육인증 일반상담(각 학부(과)에서 이수하여야 할 교과목, 비교과과정 등 이수에 관한 사항) 및 학사관리, 졸업에 관한 사항은 학부(과) 인증지원조교 선생님 또는 교무처에 문의하시기 바랍니다.
2015.10
공학교육혁신센터소장
학교 학사 일정은 어디에서 확인 가능한가요?
학교 학사 일정은 '홈페이지 메뉴 - 교육 - 대학 학사안내 - 학사일정' 또는 홈페이지 메인화면 하단 'KIT NOTICE 학사일정'에서 확인 가능합니다.
맨 처음 페이지로 이동
로 이동
1
2",국립금오공과대학교 | 교육 | 대학 학사안내 | 학사 FAQ,https://www.kumoh.ac.kr/ko/sub02_03_02_01.do?article.offset=10&articleLimit=10&mode=list,https://www.kumoh.ac.kr/ko/sub02_03_02_01.do?article.offset=10&articleLimit=10&mode=list,data/fixtures/ko__sub02_03_02_01.do__a71382d62d8abefd.html,www.kumoh.ac.kr,/ko/sub02_03_02_01.do,ko,2025-09-23,,www.kumoh.ac.kr,article,701,1111,0c617f6e989e1b2e13aba8d6f969ce83ff9bf9678e9af301de42537fe38d1e76,f10396ef71d1d1d0575a6a28bd071575d6efcc44892e2297496543e646cf2573,ko,
www_kumoh_ac_kr_ko_sub02_03_03_04_do_0001,www_kumoh_ac_kr_ko_sub02_03_03_04_do,"학사안내
수강신청
전화번호
학적
수강지도 상담
수강신청
수업 및 성적
졸업
증명서
등록
수강신청 안내(학사관리팀, 본관 303호, ☎ 478-7029)
수강신청 일정
가.
신입생은 입학식 후 각 학부(과)별 안내에 따라 수강 신청하여야 함.
나.
수강 신청
1)
수강 신청 기간 : 학년별 2일간(별도 공고, 본교 홈페이지 공지 사항)
2)
학년별 지정된 기간에 본인의 해당 학부, 학년. 수강신청하여야 함.
3)
재학생에 한하여 수강신청 가능함(휴학생은 수강신청 불가)
☞ 휴학생을 제외한 모든 학생은 등록 여부와 관계없이 수강신청 가능하나 등록기간 내에 등록하여야 함.
4)
수강지도 기간 중 지도교수와 수강 상담 및 승인을 받은 학생에 한하여 수강 신청이 가능함.(미승인자 수강신청 로그인 불가)
다.
수강신청 변경 및 확인 기간
1)
타 학년, 타 학부 수강 신청 가능 여석이 있는 과목은 수강신청 페이지에서 신청, 여석이 없는 과목은 원스톱 수강변경신청에서 신청
2)
기간 : 별도 공고(본교 홈페이지 공지 사항)
라.
폐강ㆍ분반과목 수강정정기간
1)
폐강 또는 분반과목에 한하여 수강 신청 가능, 해당 과목 교수의 확인 후 여석이 있는 과목은 교무처 담당자에 신청, 여석이 없는 과목은 원스톱 수강변경신청에서 신청
2)
기간 : 별도 공고(본교 홈페이지 공지 사항)
수강신청 기간 : 별도 공고(본교 홈페이지 공지 사항)
가.
인터넷이 가능한 PC에서 우리대학교 홈페이지 접속
나.
수강인원 제한 : 수강정원이 지정된 과목은 수강신청 입력 순서대로 수강대상자를 확정함.
수강신청 전 유의사항
개인PC문제로 불이익이 발생하지 않도록 수강신청 전 반드시 캐시 삭제 조치하시기 바랍니다.",국립금오공과대학교 | 교육 | 대학 학사안내 | 학사안내,https://www.kumoh.ac.kr/ko/sub02_03_03_04.do,https://www.kumoh.ac.kr/ko/sub02_03_03_04.do,data/fixtures/ko__sub02_03_03_04.do__1f4179c38fe7f701.html,www.kumoh.ac.kr,/ko/sub02_03_03_04.do,ko,2025-09-23,,www.kumoh.ac.kr,article,0,835,15ac914f635fba771c82e0c8e4c1d65f11661cf52740b31c88d01e6297ab1982,dd5e288adfc928188d59489ffa2a65ac151d157718d0b61a4b37500a40eb2e72,ko,
www_kumoh_ac_kr_ko_sub02_03_03_04_do_0002,www_kumoh_ac_kr_ko_sub02_03_03_04_do,"강정원이 지정된 과목은 수강신청 입력 순서대로 수강대상자를 확정함.
수강신청 전 유의사항
개인PC문제로 불이익이 발생하지 않도록 수강신청 전 반드시 캐시 삭제 조치하시기 바랍니다.
※ 익스플로러: ""도구 - 인터넷옵션 - 삭제 - 임시인터넷파일, 쿠키 삭제"" 
 크롬: ""방문기록 - 방문기록 - 인터넷 사용 기록 삭제 - 쿠키, 캐시된 이미지 삭제""
수강신청 유의사항
가.
일반사항
1)
수강신청은 학생의 성적취득 및 졸업과 관련된 중요한 사항이므로 교육과정, 수강신청 안내문등을 충분히 숙지하여 수강신청 하여야 하며, 자신이 취득한 학점과 앞으로 이수하여야 할 과목(학점)을 스스로 점검하여 수강신청을 하여야 한다.
2)
필수과목을 포함한 모든 과목을 본인이 직접 수강신청을 하여야 한다.
3)
수강정원이 지정된 강좌는 수강신청 입력 순위에 의해 수강대상자를 확정한다.
4)
수강신청, 변경은 정해진 기간 이외에는 할 수 없다.
5)
개강이후 수강신청 변경 시에는 반드시 해당과목 담당교수에게 출석부 확인(등재·삭제) 절차를 거쳐야 한다.
6)
수강신청 변경 후 원스톱서비스에서 신청내역을 반드시 확인하여야 한다.
나.
수강신청학점
1)
수강신청은 매학기 18학점을 기준으로 21학점까지 신청할 수 있으며, 반드시 1과목 이상은 신청하여야 한다. 다만, 직전학기(계절학기 및 학점교류 성적 제외) 성적 평점평균이 4.30이상인 자는 24학점까지 신청할 수 있다.
2)
1학년은 교양필수과목 및 MSC(기초도구)과목으로 지정된 학부ㆍ학반 과목을 수강신청 하여야 한다.
3)
수강신청 시 재수강으로 표시되는 과목은 이미 취득한 과목으로서 그대로 수강신청 할 경우 기존 성적이 삭제되므로 유의하여야 한다.",국립금오공과대학교 | 교육 | 대학 학사안내 | 학사안내,https://www.kumoh.ac.kr/ko/sub02_03_03_04.do,https://www.kumoh.ac.kr/ko/sub02_03_03_04.do,data/fixtures/ko__sub02_03_03_04.do__1f4179c38fe7f701.html,www.kumoh.ac.kr,/ko/sub02_03_03_04.do,ko,2025-09-23,,www.kumoh.ac.kr,article,735,1576,accf880a145d19af082fc74d7978617cb0c3daa49130720f05dcbaa87bd9cccb,dd5e288adfc928188d59489ffa2a65ac151d157718d0b61a4b37500a40eb2e72,ko,
www_kumoh_ac_kr_ko_sub02_03_03_04_do_0003,www_kumoh_ac_kr_ko_sub02_03_03_04_do,"정된 학부ㆍ학반 과목을 수강신청 하여야 한다.
3)
수강신청 시 재수강으로 표시되는 과목은 이미 취득한 과목으로서 그대로 수강신청 할 경우 기존 성적이 삭제되므로 유의하여야 한다.
다.
수강신청을 강제 취소 및 삭제하는 경우
1)
동일과목(대체과목 포함)을 재수강 신청한 경우 수업일수 3/4선에 종전의 성적은 자동 취소된다.
2)
수강정원 미달 등으로 폐강된 교과목
3)
수업일수 3/4이전에 휴학한 자의 수강신청 교과목.
라.
폐강기준
1)
교양선택과목 : 30명 미만(회화 과목은 10명 미만)
2)
전공선택과목 : 10명 이하
이수구분
수강신청 유의사항 - 이수구분 정보표 : 이수구분, 과목구분별 내용을 제공하는 정보표입니다.
이수구분
과 목 구 분
이수구분
과 목 구 분
교필
교양과정 공통필수과목
복필
복수전공 필수과목
교심
교양과정 심화과목
복선
복수전공 선택과목
교선
교양과정 선택과목
부필
부전공 필수과목
기필
MSC(기초도구)과정 필수과목
부선
부전공 선택과목
기선
MSC(기초도구)과정 선택과목
직필
교직 필수과목
전필
전공과정 필수과목
일선
타 학부(과․전공) 전공과목 및 군사학 등
전선
전공과정 선택과목
연선
연계전공 선택과목
연필
연계전공 필수과목
수강신청 접속방법
가.
우리대학교 홈페이지 원스톱서비스에서 ID와 Passward를 등록하여야 합니다.
나.
수강신청은 학생이 우리대학교 홈페이지(http://www.kumoh.ac.kr)에 접속하여 자신이 수강할 과목을 전산 입력하여야 완료된다.(학부수강신청 베너창 이용)
다.
ID 및 비밀번호 등록/변경(원스톱서비스 ID, Passward와 동일)
",국립금오공과대학교 | 교육 | 대학 학사안내 | 학사안내,https://www.kumoh.ac.kr/ko/sub02_03_03_04.do,https://www.kumoh.ac.kr/ko/sub02_03_03_04.do,data/fixtures/ko__sub02_03_03_04.do__1f4179c38fe7f701.html,www.kumoh.ac.kr,/ko/sub02_03_03_04.do,ko,2025-09-23,,www.kumoh.ac.kr,article,1476,2277,2bf0f3db3004ce26f3282fa19e3077e59b69eac7fec319ad5b03a096ca7cb721,dd5e288adfc928188d59489ffa2a65ac151d157718d0b61a4b37500a40eb2e72,ko,
www_kumoh_ac_kr_ko_sub02_03_03_04_do_0004,www_kumoh_ac_kr_ko_sub02_03_03_04_do,".ac.kr)에 접속하여 자신이 수강할 과목을 전산 입력하여야 완료된다.(학부수강신청 베너창 이용)
다.
ID 및 비밀번호 등록/변경(원스톱서비스 ID, Passward와 동일)
1)
ID : 자신의 학번을 등록한다.
2)
비밀번호 : 주민등록번호 뒷자리 7자리 숫자 또는 본인이 조합하여 등록한다.
☞ ID와 비밀번호는 자신의 모든 학적사항(수강신청, 성적조회)에 사용되므로 유출되지 않도록 유의하여야 합니다.
교시별 수업시간 및 강의실 안내
교시별 수업 시간 및 강의실 안내 정보표 : 교시별 수업시간(교시명, 시작시간, 종료시간),강의실 안내에 관한 정보를 제공하는 정보표입니다.
교시별 수업 시간
강의실 안내
교 시 명
시 작 시 간
종 료 시 간
0 교시
08 : 00
08 : 50
(예시)
·T101 : 테크노관 101호
·D101 : 디지털관 101호
·G101 : 글로벌관 101호
·GB102 : 글로벌관 지하 102호
·E101 : 디지털산업교육센터 101호
·Y102 : 체육관 102호
·U102 : 공동실험실습관 102호
1 교시
09 : 00
09 : 50
2 교시
10 : 00
10 : 50
3 교시
11 : 00
11 : 50
4 교시
12 : 00
12 : 50
5 교시
13 : 00
13 : 50
6 교시
14 : 00
14 : 50
7 교시
15 : 00
15 : 50
8 교시
16 : 00
16 : 50
9 교시
17 : 00
17 : 50
야간 1교시 (A교시)
18 : 00
18 : 50
야간 2교시 (B교시)
18 : 55
19 : 45
야간 3교시 (C교시)
19 : 50
20 : 40
",국립금오공과대학교 | 교육 | 대학 학사안내 | 학사안내,https://www.kumoh.ac.kr/ko/sub02_03_03_04.do,https://www.kumoh.ac.kr/ko/sub02_03_03_04.do,data/fixtures/ko__sub02_03_03_04.do__1f4179c38fe7f701.html,www.kumoh.ac.kr,/ko/sub02_03_03_04.do,ko,2025-09-23,,www.kumoh.ac.kr,article,2177,2983,cc78d9ae3eaf13c467d1fafa055d31d9d0a3101c896198e961efe6ba524c7783,dd5e288adfc928188d59489ffa2a65ac151d157718d0b61a4b37500a40eb2e72,ko,
www_kumoh_ac_kr_ko_sub02_03_03_04_do_0005,www_kumoh_ac_kr_ko_sub02_03_03_04_do,": 00
17 : 50
야간 1교시 (A교시)
18 : 00
18 : 50
야간 2교시 (B교시)
18 : 55
19 : 45
야간 3교시 (C교시)
19 : 50
20 : 40
야간 4교시 (D교시)
20 : 45
21 : 35
야간 5교시 (E교시)
21 : 40
22 : 30",국립금오공과대학교 | 교육 | 대학 학사안내 | 학사안내,https://www.kumoh.ac.kr/ko/sub02_03_03_04.do,https://www.kumoh.ac.kr/ko/sub02_03_03_04.do,data/fixtures/ko__sub02_03_03_04.do__1f4179c38fe7f701.html,www.kumoh.ac.kr,/ko/sub02_03_03_04.do,ko,2025-09-23,,www.kumoh.ac.kr,article,2883,3040,ab4c4edb2ada6d121237e7441f6bc90e90fa27135a7091dd85fb681ec18ffd9a,dd5e288adfc928188d59489ffa2a65ac151d157718d0b61a4b37500a40eb2e72,ko,
www_kumoh_ac_kr_ko_sub02_03_03_05_do_0001,www_kumoh_ac_kr_ko_sub02_03_03_05_do,"학사안내
수업 및 성적
전화번호
학적
수강지도 상담
수강신청
수업 및 성적
졸업
증명서
등록
수업 및 성적 안내
결석 및 공결(학사관리팀, 본관 303호, ☎ 478-7031)
결석
한 학기 수업시간의 1/4 이상을 결석한 교과목에 대하여는 학업성적을 인정하지 않고 “F”를 부과한다.
공결
공결기간은 과목별 수업일수 및 학기 전체 수업일수의 1/4을 초과할 수 없다.
다만, 부득이한 사유에 한하여 총장이 승인 할 경우, 학기 전체 수업일수의 4분의 1을 초과하지 않는 범위에서 과목별 수업 일수의 4분의1을 초과하여 사용가능하다.
출석으로 간주할 수 있는 공결의 범위는 아래와 같으며, 공결신청은 학생이 통합정보시스템에서 온라인으로 신청하고 증빙서류를 첨부해야 한다.
(여학생 생리 공결은 증빙서류 제출 제외, 사용일수는 주말 및 공휴일 포함)
다만, 10-12호는 소속학과 학사지원실에 공결요청을 해야한다.
1.
직계가족의 사망 및 이와 유사한 참사로 인해 결석하는 경우(7일 이내)
2.
본인이 결혼하는 경우(7일 이내)
3.
본인이 출산한 경우(21일 이내) 및 배우자가 출산한 경우(7일 이내)
4.
여학생이 생리통으로 인하여 결석하는 경우(월 1회)
5.
병역법 등 관계법령에 의하여 동원 소집되는 경우
6.
개강 후 수업일수의 4분의 1이내에 전역하는 군제대복학자의 전역일 이전 수업기간. 다만, 등록기간 중에 군제대복학원을 제출한 자에 한한다.
7.
법정 전염병의 의심 또는 확진으로 격리조치가 필요한 경우
8.
질병, 부상, 수술 등의 상해로 인하여 진료를 받거나 입원하여 출석이 불가능한 경우
9.
소속학부(과)장이 허가한 각종 공식행사(학회, 경진대회, 시상식 등)에 참가하너나 취업면접에 참가하는 경우(참가확인서 및 면접확인서 필수)
",국립금오공과대학교 | 교육 | 대학 학사안내 | 학사안내,https://www.kumoh.ac.kr/ko/sub02_03_03_05.do,https://www.kumoh.ac.kr/ko/sub02_03_03_05.do,data/fixtures/ko__sub02_03_03_05.do__9b7470fecf755e92.html,www.kumoh.ac.kr,/ko/sub02_03_03_05.do,ko,2025-09-23,,www.kumoh.ac.kr,article,0,872,44b8c20c5c6dc7f5b47193cd89ee44844c34e14ce6bb86c1423c8310df0c2664,3c741653e80631869305b73f75df99e34bb8a026f730e63fc2f317605ec87ab9,ko,
www_kumoh_ac_kr_ko_sub02_03_03_05_do_0002,www_kumoh_ac_kr_ko_sub02_03_03_05_do,"나 입원하여 출석이 불가능한 경우
9.
소속학부(과)장이 허가한 각종 공식행사(학회, 경진대회, 시상식 등)에 참가하너나 취업면접에 참가하는 경우(참가확인서 및 면접확인서 필수)
10.
총장이 허가한 각종 공식행사에 참가하는 경우
11.
정규교육과정 이수와 관련하여 정상수업이 불가능한 경우(현장견학, 학습답사 등)
12.
기타 총장이 부득이하다고 인정하는 경우
시험 및 성적(학사관리팀, 본관 303호, ☎ 478-7031)
매학기 각 교과목에 대한 시험은 중간시험, 임시시험과 정기시험인 기말시험이 있다.
각 교과목의 성적은 시험성적과 과제물 및 출석 등을 종합하여 평가하며 성적 평점 환산 기준표는 다음과 같다.
수업 및 성적 안내 - 시험 및 성적표 : 등급, 배점, 평점에 관한 정보를 제공하는 정보표
성적등급
평점
환산점수
성적등급
평점
환산점수
A+
4.5
100
C+
2.5
79
4.45
99
2.4
78
4.4
98
2.3
77
4.3
97
2.2
76
4.2
96
2.1
75
4.1
95
C
2.0
74
A
4.0
94
1.9
73
3.9
93
1.8
72
3.8
92
1.7
71
3.7
91
1.6
70
3.6
90
D+
1.5
69
B+
3.5
89
1.4
68
3.4
88
1.3
67
3.3
87
1.2
66
3.2
86
1.1
65
3.1
85
D
1.0 이하
64
B
3.0
84
2.9
83
2.8
82
F
0.0
59
2.7
81
2.6
80
평점의 소수점 아래 둘째자리는 환산점수 구간에서 비례계산법을 적용함.
예) 평점 2.75 → 81.5, 평점 4.48 → 99.6
평점 평균이 같을 경우 다음의 순서에 따라 순위를 정함
",국립금오공과대학교 | 교육 | 대학 학사안내 | 학사안내,https://www.kumoh.ac.kr/ko/sub02_03_03_05.do,https://www.kumoh.ac.kr/ko/sub02_03_03_05.do,data/fixtures/ko__sub02_03_03_05.do__9b7470fecf755e92.html,www.kumoh.ac.kr,/ko/sub02_03_03_05.do,ko,2025-09-23,,www.kumoh.ac.kr,article,772,1593,80d6929c8df77e626e70a5e8dc4be97b0ac5f65f64d3078f8695c1a9932d6684,3c741653e80631869305b73f75df99e34bb8a026f730e63fc2f317605ec87ab9,ko,
www_kumoh_ac_kr_ko_sub02_03_03_05_do_0003,www_kumoh_ac_kr_ko_sub02_03_03_05_do,"소수점 아래 둘째자리는 환산점수 구간에서 비례계산법을 적용함.
예) 평점 2.75 → 81.5, 평점 4.48 → 99.6
평점 평균이 같을 경우 다음의 순서에 따라 순위를 정함
1) 평점합계 2) 취득학점합계 3) 성적취득과목 수
→ 1 ~ 3까지 모두 동일하면 동일석차 처리
학업성적은 상대평가를 원칙으로 한다. 다만 다음에 대해서는 절대평가 할 수 있다.
- 학칙 제32조에 따른 특별전형으로 입학한 외국인과 학술교류협정에 의한 외국인 교환학생
- 실험·실습·실기과목, 군사학과목, 4학년(건축학 전공은 5학년) 전공개설과목, 이론과 실험(실습 및 실기 포함)병행과목, 설계학점만으로 편성된 설계과목, 이론과 실험과 설계 병행과목, 외국어 회화과목 및 학제간 공유형 교육과정 개설과목. 단, A등급 이상 성적은 40%를 초과할 수 없음
- 종합설계(부기명 포함) 및 졸업논문 교과목. 단, A등급 이상 성적은 60%를 초과할 수 없음
상대평가는 분반별로 다음 분포비율에 의하여 평가한다.
수업 및 성적 안내 - 상대평가 분포비율 정보표 : 성적, A+ ~ A, B+ ~ B, C+ 이하, 계, 비고표입니다.
성 적
A+ ~ A
A+ ~ B
C+ 이하
계
비고
비 율(%)
0 ~ 30%
0 ~ 70%
30% 이상
100%
정당한 절차 없이 과목별 수업시간수의 3/4미만 출석한 자의 성적은 F로 처리한다.
성적취소 및 교양 이수구분 변경(학사관리팀, 본관 303호, ☎478-7030)
이미 이수한 과목의 성적을 취소 또는 복수전공 등을 포기함에 따라 이수구분을 변경 하고자 할 경우에는 신청기간에 해당 종합학사행정실에 신청서를 제출하여야 한다.",국립금오공과대학교 | 교육 | 대학 학사안내 | 학사안내,https://www.kumoh.ac.kr/ko/sub02_03_03_05.do,https://www.kumoh.ac.kr/ko/sub02_03_03_05.do,data/fixtures/ko__sub02_03_03_05.do__9b7470fecf755e92.html,www.kumoh.ac.kr,/ko/sub02_03_03_05.do,ko,2025-09-23,,www.kumoh.ac.kr,article,1493,2305,f3305896b21be39fcb809a4e05e6f5f7c47840461e099eaf75ba793c8340c3fc,3c741653e80631869305b73f75df99e34bb8a026f730e63fc2f317605ec87ab9,ko,
www_kumoh_ac_kr_ko_sub02_03_03_05_do_0004,www_kumoh_ac_kr_ko_sub02_03_03_05_do,"☎478-7030)
이미 이수한 과목의 성적을 취소 또는 복수전공 등을 포기함에 따라 이수구분을 변경 하고자 할 경우에는 신청기간에 해당 종합학사행정실에 신청서를 제출하여야 한다.
1.
신청 기간 : 3월과 9월 말에 공고함
2.
성적 취소
- 성적취소 범위: 2014학년도 이전 이수한 성적에 한함
- 성적취소 대상: 아래 항목 중 하나에 해당하는 경우 성적취소 가능함
가.
교육과정의 개정으로 폐지된 교과목의 성적(제한 없음)
나.
7학기 이상 등록자에 한하여 6학점 이내의 성적
다.
졸업예정자로서 그 성적이 “F”인 과목(제한 없음)
3.
교양 이수구분 변경
- 변경 대상
교양 이수구분 변경의 변경 대상 정보표 : 구분, 변경대상에 관한 정보 제공표
구 분
변 경 대 상
교양교육
과정 개편
“2016학년도 이전 교양필수 및 교양심화 인정과목”을 2017~2018학년도에 이수하여 교양선택으로 표기되는 경우
재 수 강
“2016년 이전에 이수한 교양필수(심화)과목”이 2017학년도 교양개편 후 재수강으로 인하여 교양선택으로 표기된 경우
성적열람 및 정정(학사관리팀, 본관 303호, ☎ 478-7031)
학생은 매학기 성적 확정 전에 성적열람 및 정정 신청기간을 이용하여 자신의 성적을 열람하여 성적에 이의가 있는 경우에는 교과목 담당교수에게 성적정정을 신청할 수 있다. 성적열람 및 정정 신청기간 이후에 당해 학기 성적이 확정되며, 성적 확정 후에는 성적이 정정 되지 않으므로 반드시 지정된 기간 내에 성적 정정 신청을 하여야 한다.
계절수업(학사관리팀, 본관 303호, ☎478-7031)
계절수업의 수강대상자는 본교 재적생(재학 및 휴학생)임(학사운영규정 제203조)
",국립금오공과대학교 | 교육 | 대학 학사안내 | 학사안내,https://www.kumoh.ac.kr/ko/sub02_03_03_05.do,https://www.kumoh.ac.kr/ko/sub02_03_03_05.do,data/fixtures/ko__sub02_03_03_05.do__9b7470fecf755e92.html,www.kumoh.ac.kr,/ko/sub02_03_03_05.do,ko,2025-09-23,,www.kumoh.ac.kr,article,2205,3036,e9095beaee0b36e6e527623aaddeea47dbff3deee0e4a60de02aee6ffe7e1ab1,3c741653e80631869305b73f75df99e34bb8a026f730e63fc2f317605ec87ab9,ko,
www_kumoh_ac_kr_ko_sub02_03_03_05_do_0005,www_kumoh_ac_kr_ko_sub02_03_03_05_do,"간 내에 성적 정정 신청을 하여야 한다.
계절수업(학사관리팀, 본관 303호, ☎478-7031)
계절수업의 수강대상자는 본교 재적생(재학 및 휴학생)임(학사운영규정 제203조)
다만, 휴학생이 계절수업 수강으로 학점을 취득하여 졸업요건을 충족하더라도 복학 후 최소한 한 학기를 이수하여야 졸업할 수 있음을 유의
1.
계절수업은 본교 재적생(재학생 및 휴학생)이 수강할 수 있다. 다만, 휴학생이 계절수업 수강으로 학점을 취득하여 졸업요건을 충족하더라도 복학 후 최소한 한 학기를 이수하여야 졸업할 수 있음(최소8학기 이상 등록기준에 의거함)
2.
개설과목은 수요조사기간에 학과에서 과목개설 신청을 받아 적정인원이 신청된 과목에 한하여 개설하며, 수강 신청인원이 저조한 과목은 개설하지 아니한다.
- 계절학기는 주로 교양과목이 개설되나, 매학기 동일하게 개설되지는 않으므로, 이전 개설내역을 참조
- 통합정보시스템-학생서비스-수업-개설강좌조회(학부)에서 검색조건에서, ""여름/겨울계절학기""에서 확인 가능
3.
매 계절 수업에서 취득할 수 있는 수강학점은 6학점 이내로 한다.
4.
수업시간은 학점 당 15시간 이상이며, 수업은 방학시작과 함께 3주간 운영한다.
5.
계절수업에서 취득한 학점은 해당 계절수업 성적과 졸업소요 이수학점에 포함되나, 장학생 선발과 학사경고에는 반영되지 아니한다.
계절수업을 재수강할 경우 기이수 성적은 계절학기 성적확정일에 자동삭제된다.
6.
수강 취소는 수업일수 1/2 이내까지 허가할 수 있다.
다만, 질병, 천재지변 및 병역 등의 사유로 수강할 수 없는 자에 대하여는 수업 종료일까지 수강취소를 허가할 수 있다.",국립금오공과대학교 | 교육 | 대학 학사안내 | 학사안내,https://www.kumoh.ac.kr/ko/sub02_03_03_05.do,https://www.kumoh.ac.kr/ko/sub02_03_03_05.do,data/fixtures/ko__sub02_03_03_05.do__9b7470fecf755e92.html,www.kumoh.ac.kr,/ko/sub02_03_03_05.do,ko,2025-09-23,,www.kumoh.ac.kr,article,2936,3745,466982b71db0df0d4edebfe9eae220b685d662a1e553fe4b0e87c8347db7925d,3c741653e80631869305b73f75df99e34bb8a026f730e63fc2f317605ec87ab9,ko,
www_kumoh_ac_kr_ko_sub02_03_03_05_do_0006,www_kumoh_ac_kr_ko_sub02_03_03_05_do,"6.
수강 취소는 수업일수 1/2 이내까지 허가할 수 있다.
다만, 질병, 천재지변 및 병역 등의 사유로 수강할 수 없는 자에 대하여는 수업 종료일까지 수강취소를 허가할 수 있다.
7.
학점(시간)당 수강료는 수강 신청 전에 정하여 공고하며, 수강료 납부는 [통합정보시스템-학생서비스-등록-등록금고지내역조회/출력]에서
가상계좌 확인 및 고지서를 출력하여 (은행방문)직접납부/인터넷뱅킹/폰뱅킹 등으로 납부한다.
※ 가상계좌로 인터넷뱅킹/폰뱅킹 등으로 납부할 경우 당일의 정해진 시간(09:00~16:00)이 지나면 입금되지 않으니 주의바람.
8.
수강료의 환불
납부한 수강료는 수강을 취소하였을 경우 다음 각 호의 구분에 의하여 수강료를 환불한다.
가.
개강 전까지는 전액환불
나.
개강 후 수업일수의 1/3이내에는 2/3환불
다.
수업일수 1/3초과 1/2 이내에는 1/2 환불
라.
수업일수 1/2초과한 경우에는 환불 불가
기타 참고사항
- 해당 정규 학기에 동일과목을 수강신청 할 경우 수강 신청할 수 없음
정규 교육과정외 학점취득
국제교류교육원 해외어학연수 학점취득(국제교류교육원,국제교육관103호, ☎478-7216)
한 학기 이상 등록한 재적생이 각 부서 주관 또는 개인이 해외어학연수를 이수하여 학점으로 인정받고자 하는 학생은 매학기 수강신청 확정 후 지정된 기간 내에 연수 결과(수료증 사본 등) 및 학점인정신청서를 국제교류교육원에 제출하여야 한다.
학점 인정 대상 기관 : 2년제 대학 이상(부설기관 포함) 해외 어학연수 학점 인정 범위
학점 인정 대상 기관 : 2년제 대학 이상(부설기관 포함) 해외 어학연수 학점 인정 범위 정보표 : 인정 외국어, 개설 과목명, 이수 구분, 학점 인정(기 준, 학 점, 성적표기), 최대 인정 학 점 정보표
",국립금오공과대학교 | 교육 | 대학 학사안내 | 학사안내,https://www.kumoh.ac.kr/ko/sub02_03_03_05.do,https://www.kumoh.ac.kr/ko/sub02_03_03_05.do,data/fixtures/ko__sub02_03_03_05.do__9b7470fecf755e92.html,www.kumoh.ac.kr,/ko/sub02_03_03_05.do,ko,2025-09-23,,www.kumoh.ac.kr,article,3645,4518,f517e1fb3c5f970e8579257bed3db39e153ac7afb739ee4f21e507f7f222e2c7,3c741653e80631869305b73f75df99e34bb8a026f730e63fc2f317605ec87ab9,ko,
www_kumoh_ac_kr_ko_sub02_03_03_05_do_0007,www_kumoh_ac_kr_ko_sub02_03_03_05_do,"제 대학 이상(부설기관 포함) 해외 어학연수 학점 인정 범위 정보표 : 인정 외국어, 개설 과목명, 이수 구분, 학점 인정(기 준, 학 점, 성적표기), 최대 인정 학 점 정보표
인 정
외국어
개설 과목명
이 수
구 분
학점 인정
최대 인정
학 점
기 준
학 점
성적표기
영 어
중국어
일본어
해외어학연수(영 어 1·2·3)
해외어학연수(중국어 1·2·3)
해외어학연수(일본어 1·2·3)
교선
1회 60시간 이상
2학점
S
6학점
1회 90시간 이상
3학점
S
타 대학 학점 취득(학사관리팀, 본관 303호, ☎478-7031)
본교와 타대학간 상호 학술교류협정 및 대구ㆍ경북 국립대학 교류협정에 따라 타 대학 학부과정에서 취득한 성적은 본교의 성적으로 인정할 수 있다. 타 대학 수학은 정규 학부과정과 계절수업 모두 가능하며, 타 대학에서 수학한 과목을 본교 교육과정과 비교하여 유사한 과목은 학점과 성적을 인정한다. 지정된 기간 내에 신청서를 해당 종합학사행정실에 제출하여야 하며, 타 대학 이수학점은 해당 학기의 장학생 선발과 학사경고의 심사기준에는 적용하지 않는다. 또한 타 대학 학생이 본교에서 수학하는 경우도 학점을 인정받을 수 있다.
현장실습학점취득(현장실습지원센터, 도서관 210호, ☎478- 7892)
현장실습 학점 취득 정보표 : 구분, 이수 시기, 기간, 1일시수, 이수 시간, 총 학점, 이수 구분, 이수 학점 안내표
구분
이수 시기
기간
1일시수
이수 시간
총 학점
이수 구분
이수 학점
계절제
방학중 현장실습 1
방학중(하계,동계)
4주 이상
8
160
3
전공선택
3
방학중 현장실습 2
4주 이상
8
",국립금오공과대학교 | 교육 | 대학 학사안내 | 학사안내,https://www.kumoh.ac.kr/ko/sub02_03_03_05.do,https://www.kumoh.ac.kr/ko/sub02_03_03_05.do,data/fixtures/ko__sub02_03_03_05.do__9b7470fecf755e92.html,www.kumoh.ac.kr,/ko/sub02_03_03_05.do,ko,2025-09-23,,www.kumoh.ac.kr,article,4418,5220,35473e5eae3da5c7cc98607139a10e0ec784eb710e996ba642ce001faa7fe38d,3c741653e80631869305b73f75df99e34bb8a026f730e63fc2f317605ec87ab9,ko,
www_kumoh_ac_kr_ko_sub02_03_03_05_do_0008,www_kumoh_ac_kr_ko_sub02_03_03_05_do,"시기
기간
1일시수
이수 시간
총 학점
이수 구분
이수 학점
계절제
방학중 현장실습 1
방학중(하계,동계)
4주 이상
8
160
3
전공선택
3
방학중 현장실습 2
4주 이상
8
160
3
일반선택
3
방학중 심화형 현장실습 1
8주 이상
8
320
6
전공선택
3
일반선택
3
방학중 심화형 현장실습 2
8주 이상
8
320
6
일반선택
6
학기제
학기제 현장실습 1
학기중(1,2학기)
15주 이상
8
600
12
전공선택
6
일반선택
6
학기제 현장실습 2
15주 이상
8
600
12
전공선택
3
일반선택
9
학기제 현장실습 3
15주 이상
8
600
12
전공선택
9
일반선택
3
학기제 현장실습 4
15주 이상
8
600
12
전공선택
12
취업연계
취업연계 현장실습 1
학기중(1,2학기)
12주 이상
8
480
3
전공선택
3
취업연계 현장실습 2
12주 이상
8
480
3
일반선택
3
취업연계 현장실습 3
12주 이상
8
480
6
전공선택
3
일반선택
3
취업연계 현장실습 4
12주 이상
8
480
6
일반선택
6
취업연계 현장실습 5
12주 이상
8
480
9
전공선택
3
일반선택
6
취업연계 현장실습 6
12주 이상
8
480
9
일반선택
9
취업연계 현장실습 7
15주 이상
8
600
12
일반선택
12
창업
모의창업실습 1,2
학기중(1,2학기)
15주 이상
-
160
3
전공선택
3
벤처창업실전
15주 이상
-
160
3
전공선택
3
※ 기간 : 법정근로시간 기준으로 산출함(1일 8시간 주5일 기준, 공휴일 제외)
※ 학기초과자, 건축학과 5학년 1학기 학생도 현장실습 수강 가능함
※ 4학년 2학기(8학기차) 방학중현장실습은 졸업사정일 이전에 성적 확정이 완료되어야 함
",국립금오공과대학교 | 교육 | 대학 학사안내 | 학사안내,https://www.kumoh.ac.kr/ko/sub02_03_03_05.do,https://www.kumoh.ac.kr/ko/sub02_03_03_05.do,data/fixtures/ko__sub02_03_03_05.do__9b7470fecf755e92.html,www.kumoh.ac.kr,/ko/sub02_03_03_05.do,ko,2025-09-23,,www.kumoh.ac.kr,article,5120,5965,f12c08a1a4e7060bbd58610d75e0baece1ca3ac24c6e48daf908fa2e50192d8f,3c741653e80631869305b73f75df99e34bb8a026f730e63fc2f317605ec87ab9,ko,
www_kumoh_ac_kr_ko_sub02_03_03_05_do_0009,www_kumoh_ac_kr_ko_sub02_03_03_05_do,"기준, 공휴일 제외)
※ 학기초과자, 건축학과 5학년 1학기 학생도 현장실습 수강 가능함
※ 4학년 2학기(8학기차) 방학중현장실습은 졸업사정일 이전에 성적 확정이 완료되어야 함
※ 현장실습으로 취득 가능한 전공선택 학점은 최대 12학점이며, 방학중현장실습에서 이수할 수 있는 전공선택 학점은 최대 3학점까지 수강할 수 있음
※ 창업 관련 현장실습과목은 창업원(취⸱창업교육센터)의 창업연계전공 교육과정 기준에 의하여 운영됨
산업인턴 학점 취득(현장실습지원센터,도서관210호,☎478-7893)
산업인턴 학점 취득표 : 과목명, 이수 구분, 이수 학점, 실습기간에 관한 정보 제공표
과목명
이수 구분
이수 학점
실습 기간
산업인턴 1
전공선택
3
4개월
(실습 종료 후
연계채용 가능)
산업인턴 2
일반선택
3
산업인턴 3
전공선택
3
일반선택
3
산업인턴 4
일반선택
6
산업인턴 5
전공선택
3
일반선택
6
산업인턴 6
일반선택
9
신청자격: 본교의 공학계열 4학년 이상 재학생 중 학점 누계 평점이 2.5/4.5 이상인 학생
학점인정: 취득할 수 있는 전공선택 학점은 최대 3학점, 일반선택은 최대 9학점
사회봉사 교과목 학점 취득(☎ 각 종합학사행정실, 학생성공과))
사회봉사 교과목은 교양선택 과목으로 정규학기에 개설되며 학기당 1학점, 재학 중 2학점을 초과이수할 수 없다.
사회봉사 교과목 이수조건 및 학점 부여 절차
1. 사회봉사 교과목 수강신청
2. 강의지원시스템에서 봉사이론 및 안전교육이수
3. 30시간 이상의 봉사활동 실시 (1일 8시간 이내로 인정, 봉사활동 실시기관별 봉사시간을 합산하여 인정함)
4. 봉사활동 확인서와 봉사활동 보고서 제출
",국립금오공과대학교 | 교육 | 대학 학사안내 | 학사안내,https://www.kumoh.ac.kr/ko/sub02_03_03_05.do,https://www.kumoh.ac.kr/ko/sub02_03_03_05.do,data/fixtures/ko__sub02_03_03_05.do__9b7470fecf755e92.html,www.kumoh.ac.kr,/ko/sub02_03_03_05.do,ko,2025-09-23,,www.kumoh.ac.kr,article,5865,6685,a12aaf00eb9f1b6b885165491908b4114721b71c81ab91da51cfd3ed052aae72,3c741653e80631869305b73f75df99e34bb8a026f730e63fc2f317605ec87ab9,ko,
www_kumoh_ac_kr_ko_sub02_03_03_05_do_0010,www_kumoh_ac_kr_ko_sub02_03_03_05_do,"이론 및 안전교육이수
3. 30시간 이상의 봉사활동 실시 (1일 8시간 이내로 인정, 봉사활동 실시기관별 봉사시간을 합산하여 인정함)
4. 봉사활동 확인서와 봉사활동 보고서 제출
5. 학생성공과에서 1.~ 4. 항목에 대해 종합평가 실시 후 합격한 학생을 사회봉사 교과목 이수대상자로 확정
6. 교무과에서 사회봉사 교과목 이수대상자로 확정된 학생에게 이수 성적(1학점) 부여
봉사활동 실적 인정기간
학기 지정된 기간까지 이수한 실적만 인정하고, 해당 학기의 실적을 다음 학기로 이월은 불가능하다.
봉사활동 실적 인정대상기관
1. 국가기관, 지방자치단체, 공공기관의 정보공개에 관한 법률 적용 대상 공공기관
2. 1365 자원봉사 포털시스템에 등록된 기관
3. 사회복지 자원봉사 인증관리 시스템(VMS)에 등록된 기관
4. 청소년 활동정보서비스(DOVOL)에 등록된 기관
5. 기타 우리대학 사회봉사센터장이 인정하는 기관",국립금오공과대학교 | 교육 | 대학 학사안내 | 학사안내,https://www.kumoh.ac.kr/ko/sub02_03_03_05.do,https://www.kumoh.ac.kr/ko/sub02_03_03_05.do,data/fixtures/ko__sub02_03_03_05.do__9b7470fecf755e92.html,www.kumoh.ac.kr,/ko/sub02_03_03_05.do,ko,2025-09-23,,www.kumoh.ac.kr,article,6585,7043,51106879f279cf07c284dbe00385e0d72e127b585a84604bea5997d7b6dc18c5,3c741653e80631869305b73f75df99e34bb8a026f730e63fc2f317605ec87ab9,ko,
www_kumoh_ac_kr_ko_sub02_03_04_01_do_0001,www_kumoh_ac_kr_ko_sub02_03_04_01_do,"교육과정안내
교육과정구성
교과목의 구분
편성원칙
이수기준
교육과정 구성(학사관리팀, 본관303호, ☎ 478-7029)
교육과정은 교양과정·MSC(기초도구)과정·전공과정과 일반선택과정으로 구성한다.
다만, 일반선택과정은 군사학과목·타 학부 전공과목·일반학생의 교직과정을 이수한 경우 또는 복수(부)전공자가 이수를 포기한 경우에 적용하며, 졸업소요학점에는 포함이 되나 교양·MSC(기초도구)·전공학점에는 포함되지 아니한다.
교양과정, MSC(기초도구)과정 및 전공과정은 필수과목과 선택과목으로 구성하며, 교양과정 및 MSC(기초도구)과정의 필수과목은 아래와 같이 구분한다.
교양과정 필수과목은 기초교양, 심화교양, UIA필수과목(건축학 전공만 해당)으로 구분한다.
MSC(기초도구)과정 필수과목은 공통, 학부지정, 전공지정필수과목으로 구분한다.",국립금오공과대학교 | 교육 | 대학 학사안내 | 교육과정안내,https://www.kumoh.ac.kr/ko/sub02_03_04_01.do,https://www.kumoh.ac.kr/ko/sub02_03_04_01.do,data/fixtures/ko__sub02_03_04_01.do__3b4e5b55df329c6d.html,www.kumoh.ac.kr,/ko/sub02_03_04_01.do,ko,2025-09-23,,www.kumoh.ac.kr,article,0,415,095bfc918662389b57a2136d7274f4b3fabfd32aed1ff4f891753be1010976cd,095bfc918662389b57a2136d7274f4b3fabfd32aed1ff4f891753be1010976cd,ko,
www_kumoh_ac_kr_ko_sub02_03_04_02_do_0001,www_kumoh_ac_kr_ko_sub02_03_04_02_do,"교육과정안내
이수기준
교육과정구성
교과목의 구분
편성원칙
이수기준
교육과정 이수 원칙
교육과정별 이수 원칙
공통 사항
가.교육과정의 이수는 재학 학년도의 교육과정을 적용한다.
나. 각 학부(과), 전공에서 지정한 과정별 필수과목은 반드시 이수하여야 한다.
다. 선수과목으로 지정된 과목은 공학교육인증과정, 공학교육비인증과정 및 입학 연도에 관계없이 우선 이수하여야 한다.(편입생과 계절학기 수강과목 포함)
라. 교직과정 및 복수전공(부전공, 연계전공) 등 이수원칙은 관련 법령 또는 규정에 의한다.
교양과정 이수
가. 공학교육인증과정 대상자와 공학교육비인증과정 대상자 구분 없이 다음의 교양필수 4학점과 학(부)과별로 정한 심화교양 지정과목을 포함하여 20학점 ~ 30학점 이상의 교양과목을 이수하여야 한다.
￭ 기초교양(교양필수) : 글쓰기와발표(2학점), 영어읽기와쓰기(2학점)
1)
2016학년도 이전 입학자 중
- 공학교육인증과정 대상자는 교양필수, 교양심화를 포함하여 전체 20학점을 이수해야 하며,
- 공학교육비인증과정 대상자는 기초교양, 심화교양, 소양교양, 특성화교양 구분 없이 20학점 이상을 이수하여야 한다.
2)
IT융합학과 학생은 기초교양, 심화교양, 소양교양, 특성화교양 구분 없이 14학점 이상을 이수하여야 한다.
나. 심화교양은 다음의 각 소영역별로 학부(과)에서 지정한 1과목 또는 2과목을 반드시 이수하여야 한다.
교육과정별 이수 원칙 중 교양과정 이수 정보표 : 소영역, 제1영역, 제2영역, 제3영역, 제4영역에 관한 정보 제공표
소영역
제1영역
제2영역
제3영역
제4영역
분야
문학 • 예술
정치 • 사회
",국립금오공과대학교 | 교육 | 대학 학사안내 | 교육과정안내,https://www.kumoh.ac.kr/ko/sub02_03_04_02.do,https://www.kumoh.ac.kr/ko/sub02_03_04_02.do,data/fixtures/ko__sub02_03_04_02.do__7389311f8d09e42c.html,www.kumoh.ac.kr,/ko/sub02_03_04_02.do,ko,2025-09-23,,www.kumoh.ac.kr,article,0,807,350002710bcbdae65e02e87aa3b3a85d00c1a7bca8047450be01572d6960d636,675289f012f62e20d8d3ca782721ae2e1b0f56f3a120d8e5fe083daafbcfb3f5,ko,
www_kumoh_ac_kr_ko_sub02_03_04_02_do_0002,www_kumoh_ac_kr_ko_sub02_03_04_02_do,"칙 중 교양과정 이수 정보표 : 소영역, 제1영역, 제2영역, 제3영역, 제4영역에 관한 정보 제공표
소영역
제1영역
제2영역
제3영역
제4영역
분야
문학 • 예술
정치 • 사회
리더십 • 경영
외국어
역사 • 철학
윤리 • 사상
이수과목
1과목 또는 2과목
1과목 또는 2과목
1과목 또는 2과목
1과목 또는 2과목
* 영역별 2과목 선택 시, 분야별 1과목을 선택하도록 해야 함(분야편중 방지)
1)
소영역별 학과별 이수과목 내역은 교육과정 편성표에 따른다.
2)
017학년도 이후 경영학과 입학생은 제3영역의 교양과목은 수강할 수 없다. 다만, 연계전공 이수 등 필요하다고 인정되는 경우에는 예외로 할 수 있다.
MSC(기초도구)과정 이수
가. 공통필수 3과목(대학수학1 • 2, 전공컴퓨터기초)과 학부 또는 전공에서 지정한 학부지정필수 및 전공지정필수 과목은 모두 이수하여야 한다.
※ 공통필수 과목 중 컴퓨터공학과 및 컴퓨터소프트웨어공학과는 전공컴퓨터기초 및 대학수학2를 제외한다.
나. 이수 학점은 공통필수과목을 포함하여 학부(전공)에서 정한 이수기준 학점 이상을 이수하여야 한다.
다. 공통필수과목은 1학년 과정에서 이수하여야 한다.
라. 학부지정 필수과목은 공통필수과목 이외의 과목 중에서 학부별로 1학년 과정에서 필수로 이수하여야 한다.
마. 전공지정 필수과목은 각 학부(과) 및 전공에서 지정하는 학년 과정에서 필수로 이수하여야 한다.
전공과정 이수
가. 모든 학부(과)의 학생은 재학 중 매 학기별 “지도교수상담(전공선택)”과목을 평생지도교수제 운영규정에 의거 이수하여야 한다.
나. 교육과정 편성표에 따라 학과 및 전공별로 지정된 최소 학점 이상을 이수하여야 한다.",국립금오공과대학교 | 교육 | 대학 학사안내 | 교육과정안내,https://www.kumoh.ac.kr/ko/sub02_03_04_02.do,https://www.kumoh.ac.kr/ko/sub02_03_04_02.do,data/fixtures/ko__sub02_03_04_02.do__7389311f8d09e42c.html,www.kumoh.ac.kr,/ko/sub02_03_04_02.do,ko,2025-09-23,,www.kumoh.ac.kr,article,707,1539,8e718a0d2f96d5848b2d0ed83dfe8a7bd580a8cf5e6441612aa5586060eb9b8d,675289f012f62e20d8d3ca782721ae2e1b0f56f3a120d8e5fe083daafbcfb3f5,ko,
www_kumoh_ac_kr_ko_sub02_03_04_02_do_0003,www_kumoh_ac_kr_ko_sub02_03_04_02_do,"매 학기별 “지도교수상담(전공선택)”과목을 평생지도교수제 운영규정에 의거 이수하여야 한다.
나. 교육과정 편성표에 따라 학과 및 전공별로 지정된 최소 학점 이상을 이수하여야 한다.
다. 학부(과)에서 지정한 필수과목은 모두 이수하여야 한다.
라. 전공필수과목은 반드시 소속 학부(과, 전공)에서 이수하여야 한다. 다만, 동일 학부 내에서는 타 전공의 동일(인정)과목으로 이수할 수 있다.
마. 전공선택과목은 소속 학부(과, 전공)에서 이수하는 것을 원칙으로 하되, 타 학부(과, 전공)의 동일(인정)과목으로 이수할 수 있다. 다만, 동일 학부 내에서는 다른 전공과목을 전공선택과목으로 이수할 수 있다.
바. 현장실습이수는 국립금오공과대학교 현장실습운영지침을 따른다.
사. 공학교육인증과정 대상자는 설계과목을 최소 12학점(전자공학부, 신소재공학부는 9학점) 이상 이수하여야 한다.
교육과정 변경 시의 이수
교육과정 변경 시의 이수
가. 종전의 교육과정에 의하여 이미 이수한 교과목은 신 교육과정에 의하여 이수한 것으로 본다.
나. 교육과정 변경전의 교과목과 동일한 교과목은 중복 이수할 수 없으며, 대체과목으로 지정된 교과목을 재이수하였을 경우 종전에 취득한 학점 및 성적을 취소하고 재이수한 과목의 학점 및 성적을 인정한다.
다. 교과구분이 변경된 경우(필수↔선택 등)는 개편된 교과구분에 따라 이수한다.
라. 전과한 자는 전과한 학과(전공)의 교육과정에 따라야 하며, 전과한 해당 학년 및 학기 이하의 필수과목 중 미이수한 과목은 모두 이수하여야 한다.
마. 필수 교과목이 학년 또는 학기 간 이동되거나 폐지 및 선택과목으로 되었을 경우에는 이수하지 않아도 된다.",국립금오공과대학교 | 교육 | 대학 학사안내 | 교육과정안내,https://www.kumoh.ac.kr/ko/sub02_03_04_02.do,https://www.kumoh.ac.kr/ko/sub02_03_04_02.do,data/fixtures/ko__sub02_03_04_02.do__7389311f8d09e42c.html,www.kumoh.ac.kr,/ko/sub02_03_04_02.do,ko,2025-09-23,,www.kumoh.ac.kr,article,1439,2260,08e1ad8d30ac5d2da9febb512e10e79b962f66dbaccb048f01218d2e3bc6c161,675289f012f62e20d8d3ca782721ae2e1b0f56f3a120d8e5fe083daafbcfb3f5,ko,
www_kumoh_ac_kr_ko_sub02_03_04_02_do_0004,www_kumoh_ac_kr_ko_sub02_03_04_02_do," 및 학기 이하의 필수과목 중 미이수한 과목은 모두 이수하여야 한다.
마. 필수 교과목이 학년 또는 학기 간 이동되거나 폐지 및 선택과목으로 되었을 경우에는 이수하지 않아도 된다.
바. 교육과정이 변경되거나 새로 개편된 경우에는 현 재학 학기 이후의 과정에서 이수할 수 있는 사항만 충족하면 된다. 이미 지난 학년의 경우에는 과거 재학 당시의 교육과정에 명시 되었던 필수과목만 이수하면 된다. 다만, 명시되었던 필수과목이 폐지되었거나 선택과목으로 변경되었을 경우에는 이수하지 않아도 되나, 동일 대체과목으로 지정된 필수 교과목이 있을 경우에는 반드시 이수하여야 한다.
사. 학기 완성과목이 1년 완성과목으로 된 경우에는 종전의 학기 완성과목 이수로서 1년 완성과목을 이수한 것으로 본다.
아. 1년 완성과목이 학기 완성과목으로 된 경우에는 종전의 어느 1개 학기 과목의 이수로서 학기 완성과목을 이수한 것으로 본다.
자. 강의과목과 실험과목이 단일과목으로 통합된 경우 또는 2개의 과목이 단일 과목으로 통합된 경우에는 두 과목 중 어느 한 과목의 이수로서 그 과목을 이수한 것으로 본다.
차. 단일과목이 강의와 실험으로 분리된 경우 분리된 후 이수할 과목의 학점수가 분리되기 전의 학점 수 이상이 될 때에는 어느 한 과목만 이수할 수 있다.
교육과정 이수기준표
1. 교육과정 이수 기준표
교육과정 이수 기준표 정보표 : 학 부(과)별 교양(교양필수, 교양심화, 교양선택, 계), MSC(공학교육인증과정필수, 공학교육비인증과정필수)전공(필수 포함), 졸업학점의 교육과정 이수 기준표입니다.
학 부(과)
교양
MSC
(기초도구)
전공
",국립금오공과대학교 | 교육 | 대학 학사안내 | 교육과정안내,https://www.kumoh.ac.kr/ko/sub02_03_04_02.do,https://www.kumoh.ac.kr/ko/sub02_03_04_02.do,data/fixtures/ko__sub02_03_04_02.do__7389311f8d09e42c.html,www.kumoh.ac.kr,/ko/sub02_03_04_02.do,ko,2025-09-23,,www.kumoh.ac.kr,article,2160,2961,4984764974caa531aeb2032ee97ca9ef234fb06693e58faee038e9c16e96d079,675289f012f62e20d8d3ca782721ae2e1b0f56f3a120d8e5fe083daafbcfb3f5,ko,
www_kumoh_ac_kr_ko_sub02_03_04_02_do_0005,www_kumoh_ac_kr_ko_sub02_03_04_02_do,"양심화, 교양선택, 계), MSC(공학교육인증과정필수, 공학교육비인증과정필수)전공(필수 포함), 졸업학점의 교육과정 이수 기준표입니다.
학 부(과)
교양
MSC
(기초도구)
전공
(필수 포함)
졸업
학점
교양
필수
교양
심화
교양
선택
계
공학교육
인증과정
필수
공학교육
비인증과정
필수
전자공학부
정보전자전공
4
8
8
20
32
25
70
140
제어및로봇전공
4
8
8
20
32
70
140
전자통신전공
4
8
8
20
32
70
140
전자및전파전공
4
8
8
20
32
16
70
140
전자IT융합전공
4
10
6
20
25
70
140
건축학부
건축학전공
4
8
8
20
20
120
170
건축공학전공
4
10
6
20
20
65
140
산업공학부
산업경영공학전공
4
10
8
22
30
(편입 24)
65
140
디자인공학전공
4
10
8
22
30
(편입 24)
65
140
화학소재공학부
고분자공학전공
4
14
2
20
31
31
65
140
소재디자인공학전공
4
8
8
20
30
25
65
140
화학공학전공
4
10
8
22
31
31
65
140
신소재공학부
4
8
8
20
31
31
65
140
기계공학과
4
10
6
20
32
20
72
140
기계설계공학과
4
10
6
20
32
20
70
140
기계시스템공학과
4
10
6
20
32
20
70
140
토목공학과
4
12
4
20
30
65
140
컴퓨터공학과
4
8
8
20
19
13
75
140
인공지능공학과
4
8
8
20
15
75
140
컴퓨터소프트웨어공학과
4
10
6
20
22
12
80
140
광시스템공학과
4
10
6
20
",국립금오공과대학교 | 교육 | 대학 학사안내 | 교육과정안내,https://www.kumoh.ac.kr/ko/sub02_03_04_02.do,https://www.kumoh.ac.kr/ko/sub02_03_04_02.do,data/fixtures/ko__sub02_03_04_02.do__7389311f8d09e42c.html,www.kumoh.ac.kr,/ko/sub02_03_04_02.do,ko,2025-09-23,,www.kumoh.ac.kr,article,2861,3663,3b00fe9a84f501174f264ef31a8e407f36d141faf4a4bc3e8cabc2b034591cfa,675289f012f62e20d8d3ca782721ae2e1b0f56f3a120d8e5fe083daafbcfb3f5,ko,
www_kumoh_ac_kr_ko_sub02_03_04_02_do_0006,www_kumoh_ac_kr_ko_sub02_03_04_02_do,"8
8
20
19
13
75
140
인공지능공학과
4
8
8
20
15
75
140
컴퓨터소프트웨어공학과
4
10
6
20
22
12
80
140
광시스템공학과
4
10
6
20
31
65
140
메디컬IT융합공학과
4
10
6
20
32
65
140
환경공학과
4
8
8
20
26
65
140
IT융합학과
14
14
12
65
130
수리빅데이터학과(응용수학과)
4
8
10
22
21
65
140
화학생명과학과(응용화학과)
4
8
8
20
25
65
140
경영학과(2021학년도 이후 입학자)
4
12
4
20
9
72
140
경영학과(2020학년도 입학자)
4
8
8
20
9
72
140
- 대상자
1)
2022학년도 이후 입학자
2)
2024학년도 이후 편입학자
3)
2021학년도 이전 입학자로서 2022학년도 이후 1학년 1학기 복학자(또는 재입학자)
2. 2021학년도 이전 입학자 교육과정 이수 기준표
2021학년도 이전 입학자 교육과정 이수 기준표 : 학 부(과)별 교양(교양필수, 교양심화, 교양선택, 계), MSC(공학교육인증과정필수, 공학교육비인증과정필수)전공(필수 포함), 졸업학점의 2019학년도 이전 입학자 교육과정 이수 기준표입니다.
학 부(과)
교양
MSC
(기초도구)
전공
(필수 포함)
졸업
학점
교양
필수
교양
심화
교양
선택
계
공학교육
인증과정
필수
공학교육
비인증과정
필수
전자공학부
정보전자전공
4
8
8
20
32
25
70
140
제어및로봇전공
4
8
8
20
32
70
140
전자통신전공
4
8
8
20
32
70
140
전자및전파전공
4
8
8
20
32
16
70
140
",국립금오공과대학교 | 교육 | 대학 학사안내 | 교육과정안내,https://www.kumoh.ac.kr/ko/sub02_03_04_02.do,https://www.kumoh.ac.kr/ko/sub02_03_04_02.do,data/fixtures/ko__sub02_03_04_02.do__7389311f8d09e42c.html,www.kumoh.ac.kr,/ko/sub02_03_04_02.do,ko,2025-09-23,,www.kumoh.ac.kr,article,3563,4364,4d1adee6a53e57a6a28bd2a8b74706a2a03cf6e7ee8bf8892d8b467cae0b861e,675289f012f62e20d8d3ca782721ae2e1b0f56f3a120d8e5fe083daafbcfb3f5,ko,
www_kumoh_ac_kr_ko_sub02_03_04_02_do_0007,www_kumoh_ac_kr_ko_sub02_03_04_02_do,"
20
32
25
70
140
제어및로봇전공
4
8
8
20
32
70
140
전자통신전공
4
8
8
20
32
70
140
전자및전파전공
4
8
8
20
32
16
70
140
전자IT융합전공
4
10
6
20
25
70
140
건축학부
건축학전공
4
8
8
20
20
120
170
건축공학전공
4
10
6
20
20
65
140
산업공학부
산업경영공학전공
4
10
8
22
30
(편입24)
65
140
디자인공학전공
4
10
8
22
30
(편입24)
65
140
화학소재공학부
고분자공학전공
4
14
2
20
31
31
65
140
소재디자인공학전공
4
8
8
20
30
25
65
140
환경공학전공
4
10
8
22
31
31
65
140
신소재공학부
4
8
8
20
31
31
65
140
기계공학과
4
10
6
20
32
20
72
140
기계설계공학과
4
10
6
20
32
20
70
140
기계시스템공학과
4
10
6
20
32
20
70
140
토목공학과
4
12
4
20
30
65
140
컴퓨터공학과
4
8
8
20
19
13
75
140
컴퓨터소프트웨어공학과
4
10
6
20
22
12
80
140
광시스템공학과
4
10
6
20
31
65
140
메디컬IT융합공학과
4
10
6
20
32
65
140
환경공학과
4
8
8
20
26
65
140
IT융합학과
14
14
12
65
130
수리빅데이터학과(응용수학과)
4
8
10
22
21
65
140
화학생명과학과(응용화학과)
4
8
8
20
25
65
140
경영학과(2021학년도 이후 입학자)
4
12
4
20
9
72
140
경영학과(2020학년도 입학자)
",국립금오공과대학교 | 교육 | 대학 학사안내 | 교육과정안내,https://www.kumoh.ac.kr/ko/sub02_03_04_02.do,https://www.kumoh.ac.kr/ko/sub02_03_04_02.do,data/fixtures/ko__sub02_03_04_02.do__7389311f8d09e42c.html,www.kumoh.ac.kr,/ko/sub02_03_04_02.do,ko,2025-09-23,,www.kumoh.ac.kr,article,4264,5075,48d4cf7cc9c10bb0dfd6e327d552170eea32f70b81e1441f003d9b3c27cfd817,675289f012f62e20d8d3ca782721ae2e1b0f56f3a120d8e5fe083daafbcfb3f5,ko,
www_kumoh_ac_kr_ko_sub02_03_04_02_do_0008,www_kumoh_ac_kr_ko_sub02_03_04_02_do,"
65
140
화학생명과학과(응용화학과)
4
8
8
20
25
65
140
경영학과(2021학년도 이후 입학자)
4
12
4
20
9
72
140
경영학과(2020학년도 입학자)
4
8
8
20
9
72
140
- 대상자
1)
2020학년도 이후 입학자
2)
2022학년도 이후 편입학자
3)
2019학년도 이전 입학자로서 2020학년도 이후 1학년 1학기 복학자(또는 재입학자)
3. 2019학년도 이전 입학자 교육과정 이수 기준표
2016학년도 이전 입학자 교육과정 이수 기준표 : 학 부(과)별 교양(교양필수, 교양심화, 교양선택, 계), MSC(공학교육인증과정필수, 공학교육비인증과정필수)전공(필수 포함), 졸업학점의 2016학년도 이전 입학자 교육과정 이수 기준표입니다.
학 부(과)
교양
MSC
(기초도구)
전공
(필수 포함)
졸업
학점
교양
필수
교양
심화
교양
선택
계
공학교육
인증과정
필수
공학교육
비인증과정
필수
전자공학부
정보전자전공
4
8
8
20
32
16
65
140
제어및로봇전공
4
8
8
20
32
(편입16)
65
140
전자통신전공
4
8
8
20
32(편입
외국인16)
65
140
전자및전파전공
4
8
8
20
32
16
65
140
전자IT융합전공
4
10
6
20
32
(편입16)
65
140
건축학부
건축학전공
4
8
8
20
20
120
170
건축공학전공
4
10
6
20
32
20
65
140
산업공학부
산업경영공학전공
4
10
8
22
30
(편입24)
65
140
디자인공학전공
4
10
8
22
30
(편입24)
65
140
화학소재융합공학부
고분자공학전공
4
14
2
20
",국립금오공과대학교 | 교육 | 대학 학사안내 | 교육과정안내,https://www.kumoh.ac.kr/ko/sub02_03_04_02.do,https://www.kumoh.ac.kr/ko/sub02_03_04_02.do,data/fixtures/ko__sub02_03_04_02.do__7389311f8d09e42c.html,www.kumoh.ac.kr,/ko/sub02_03_04_02.do,ko,2025-09-23,,www.kumoh.ac.kr,article,4975,5778,1622f17f796512f1984fdca3f8c37acb50950003db94db0f6980743d0250eb73,675289f012f62e20d8d3ca782721ae2e1b0f56f3a120d8e5fe083daafbcfb3f5,ko,
www_kumoh_ac_kr_ko_sub02_03_04_02_do_0009,www_kumoh_ac_kr_ko_sub02_03_04_02_do,"
산업경영공학전공
4
10
8
22
30
(편입24)
65
140
디자인공학전공
4
10
8
22
30
(편입24)
65
140
화학소재융합공학부
고분자공학전공
4
14
2
20
31
31
65
140
소재디자인공학전공
4
8
8
20
30
25
65
140
환경공학전공
4
8
8
20
20
65
140
응용화학전공
4
8
8
20
25
65
140
화학공학전공
4
10
8
22
31
31
65
140
신소재공학부
4
8
8
20
31
31
65
140
기계공학과
4
10
6
20
32
20
72
140
기계설계공학과
4
10
6
20
32
20
70
140
기계시스템공학과
4
10
6
20
32
20
70
140
토목공학과
4
12
4
20
30
21
65
140
컴퓨터공학과
4
8
8
20
19
13
75
140
컴퓨터소프트웨어공학과
4
10
6
20
22
12
80
140
광시스템공학과
4
10
6
20
31
65
140
메디컬IT융합공학과
4
10
6
20
32
65
140
IT융합학과
14
14
12
65
130
수리빅데이터학과(응용수학과)
4
8
10
22
21
65
140
화학생명과학과(응용화학과)
4
8
8
20
25
65
140
경영학과
4
8
8
20
9
72
140
가.
대상자
1)
2017학년도 이후 입학자
2)
2019학년도 이후 편입학자
3)
2016학년도 이전 입학자로서 2017학년도 이후 1학년 1학기 복학자(또는 재입학자)
4. 2016학년도 이전 입학자 교육과정 이수 기준표
2016학년도 이전 입학자 교육과정 이수 기준표 : 학 부(과)별 교양(교양필수, 교양심화, 교양선택, 계), MSC(공학교육인증과정필수, 공학교육비인증과정필수)전공(필수 포함), 졸업학점의 2010학년도 이전 입학자 교육과정 이수 기준표입니다.",국립금오공과대학교 | 교육 | 대학 학사안내 | 교육과정안내,https://www.kumoh.ac.kr/ko/sub02_03_04_02.do,https://www.kumoh.ac.kr/ko/sub02_03_04_02.do,data/fixtures/ko__sub02_03_04_02.do__7389311f8d09e42c.html,www.kumoh.ac.kr,/ko/sub02_03_04_02.do,ko,2025-09-23,,www.kumoh.ac.kr,article,5678,6557,d97a0c4e8ac8f246b5d8d94ba7c1c1f96004afc37a0adff3324fab2468817896,675289f012f62e20d8d3ca782721ae2e1b0f56f3a120d8e5fe083daafbcfb3f5,ko,
www_kumoh_ac_kr_ko_sub02_03_04_02_do_0010,www_kumoh_ac_kr_ko_sub02_03_04_02_do,"교양(교양필수, 교양심화, 교양선택, 계), MSC(공학교육인증과정필수, 공학교육비인증과정필수)전공(필수 포함), 졸업학점의 2010학년도 이전 입학자 교육과정 이수 기준표입니다.
학 부(과)
교양
MSC (기초도구)
전공
(필수 포함)
졸업학점
교양
필수
교양
심화
교양
선택
계
공학교육
인증과정
필수
공학교육
비인증과정
필수
전자공학부
12
8
20
16
65
140
전자공학부
정보전자전공
12
8
20
32
16
65
140
제어및로봇전공
12
8
20
32
(편입16)
65
140
전자통신전공
12
8
20
32
(편입16)
65
140
전자및전파전공
12
8
20
32
16
65
140
전자IT융합전공
12
8
20
32
(편입16)
65
140
토목환경공학부
환경공학전공
20
20
20
65
140
건축학부
건축학전공
20
20
20
120
170
건축공학전공
14
6
20
32
20
65
140
산업공학부
산업경영공학전공
14
6
20
30
(편입24)
65
140
디자인공학전공
14
6
20
30
(편입24)
65
140
에너지융합소재공학부
고분자융합소재공학전공
18
2
20
31
31
65
140
에너지화학공학전공
14
6
20
31
65
140
화학소재융합공학부
고분자공학전공
18
2
20
31
31
65
140
소재디자인공학전공
12
8
20
30
25
65
140
환경공학전공
20
20
20
65
140
응용화학전공
20
20
25
65
140
화학공학전공
14
6
20
31
31
65
140
신소재공학부
12
8
20
31
31
65
140
기계공학과(2015학년도 이후 입학자)
14
6
",국립금오공과대학교 | 교육 | 대학 학사안내 | 교육과정안내,https://www.kumoh.ac.kr/ko/sub02_03_04_02.do,https://www.kumoh.ac.kr/ko/sub02_03_04_02.do,data/fixtures/ko__sub02_03_04_02.do__7389311f8d09e42c.html,www.kumoh.ac.kr,/ko/sub02_03_04_02.do,ko,2025-09-23,,www.kumoh.ac.kr,article,6457,7259,121cf5278096b849c3af6418201633f1fc5cc14948e3b21b96970d23bc9710e6,675289f012f62e20d8d3ca782721ae2e1b0f56f3a120d8e5fe083daafbcfb3f5,ko,
www_kumoh_ac_kr_ko_sub02_03_04_02_do_0011,www_kumoh_ac_kr_ko_sub02_03_04_02_do,"
20
20
25
65
140
화학공학전공
14
6
20
31
31
65
140
신소재공학부
12
8
20
31
31
65
140
기계공학과(2015학년도 이후 입학자)
14
6
20
32
20
72
140
기계공학과(2014학년도 이전 입학자)
14
6
20
32
20
65
140
기계설계공학과
14
6
20
32
20
65
140
지능기계공학과
14
6
20
32
32
70
140
기전공학과
14
6
20
32
20
65
140
기계시스템공학과
14
6
20
32
20
65
140
기계시스템공학과(지능기계공학과)
14
6
20
32
32
70
140
토목공학과(2015학년도 이후 입학자)
16
4
20
30
21
65
140
토목공학과(2014학년도 이전 입학자)
16
4
20
32
24
65
140
컴퓨터공학과
12
8
20
19
13
75
140
컴퓨터소프트웨어공학과
14
6
20
22
12
80
140
소재디자인공학과
12
8
20
30
25
65
140
광시스템공학과
20
20
31
65
140
메디컬IT융합공학과(2014학년도 이후 입학자)
20
20
33
65
140
메디컬IT융합공학과(2013학년도 이전 입학자)
20
20
30
65
140
IT융합학과(2016학년도 입학자)
14
14
12
65
130
IT융합학과(2015학년도 이전 입학자)
14
14
6
65
130
수리빅데이터학과(응용수학과)_2012학년도 이후
20
20
21
65
140
수리빅데이터학과(응용수학과)_2011학년도 이전
20
20
25
65
140
화학생명과학과(응용화학과)
20
20
25
65
140
경영학과
20
20
",국립금오공과대학교 | 교육 | 대학 학사안내 | 교육과정안내,https://www.kumoh.ac.kr/ko/sub02_03_04_02.do,https://www.kumoh.ac.kr/ko/sub02_03_04_02.do,data/fixtures/ko__sub02_03_04_02.do__7389311f8d09e42c.html,www.kumoh.ac.kr,/ko/sub02_03_04_02.do,ko,2025-09-23,,www.kumoh.ac.kr,article,7159,7961,7522fd000a3815c1726b6d266dc1bff3d6a70e36d8b5c2927a2cc68c38deb229,675289f012f62e20d8d3ca782721ae2e1b0f56f3a120d8e5fe083daafbcfb3f5,ko,
www_kumoh_ac_kr_ko_sub02_03_04_02_do_0012,www_kumoh_ac_kr_ko_sub02_03_04_02_do,"0
20
21
65
140
수리빅데이터학과(응용수학과)_2011학년도 이전
20
20
25
65
140
화학생명과학과(응용화학과)
20
20
25
65
140
경영학과
20
20
9
65
140
가.
대상자
1)
2011학년도 이후 입학자
2)
2013학년도 이후 편입학자
3)
2010학년도 이전 입학자로서 2011학년도 이후 1학년 1학기 복학자(또는 재입학자)
나.
공학교육 비인증과정 이수자 교양 이수 : 교양필수, 교양심화, 교양선택 구분 없이 교양 20학점을 이수하면 된다.
5. 2010학년도 이전 입학자 교육과정 이수 기준표
2010학년도 이전 입학자 교육과정 이수 기준표 : 학 부(과)별 교양(교양필수, 교양심화, 교양선택, 계), MSC(공학교육인증과정필수, 공학교육비인증과정필수)전공(필수 포함), 졸업학점의 2005학년도 이전 입학자 교육과정 이수 기준표입니다.
학 부(과)
교양
MSC
(기초도구)
전공
(필수 포함)
졸업학점
교양
필수
교양
심화
교양
선택
계
공학교육
인증과정
필수
공학교육
비인증과정
필수
기계공학부
14
6
20
31
20
65
140
전자공학부
12
8
20
16
65
140
전자공학부
정보전자전공
12
8
20
32
16
65
140
제어및로봇전공
12
8
20
32
(편입16)
65
140
전자통신전공
12
8
20
32
(편입16)
65
140
전자및전파전공
12
8
20
32
16
65
140
전자IT융합전공
12
8
20
32
(편입16)
65
140
토목환경공학부
환경공학전공
20
20
20
65
140
건축학부
건축학전공
20
20
20
120
170
건축공학전공
",국립금오공과대학교 | 교육 | 대학 학사안내 | 교육과정안내,https://www.kumoh.ac.kr/ko/sub02_03_04_02.do,https://www.kumoh.ac.kr/ko/sub02_03_04_02.do,data/fixtures/ko__sub02_03_04_02.do__7389311f8d09e42c.html,www.kumoh.ac.kr,/ko/sub02_03_04_02.do,ko,2025-09-23,,www.kumoh.ac.kr,article,7861,8664,84cbed576211d0420bf0ad35b1c69948b45e211a088f087a1102b2477035bf28,675289f012f62e20d8d3ca782721ae2e1b0f56f3a120d8e5fe083daafbcfb3f5,ko,
www_kumoh_ac_kr_ko_sub02_03_04_02_do_0013,www_kumoh_ac_kr_ko_sub02_03_04_02_do,"전자IT융합전공
12
8
20
32
(편입16)
65
140
토목환경공학부
환경공학전공
20
20
20
65
140
건축학부
건축학전공
20
20
20
120
170
건축공학전공
14
6
20
32
20
65
140
산업공학부
산업경영공학전공
14
6
20
25
65
140
디자인공학전공
14
6
20
25
65
140
에너지융합소재공학부
고분자융합소재공학전공
14
6
20
30
25
65
140
에너지화학공학전공
14
6
20
25
65
140
화학소재융합공학부
고분자공학전공
18
2
20
30
25
65
140
소재디자인공학전공
12
8
20
30
25
65
140
환경공학전공
20
20
20
65
140
응용화학전공
20
20
25
65
140
화학공학전공
14
6
20
25
65
140
자연과학부
물리학전공
20
20
25
65
140
신소재공학부
12
8
20
30
25
65
140
기계공학과
14
6
20
32
20
65
140
기계설계공학과
14
6
20
32
20
65
140
지능기계공학과
14
6
20
32
20
65
140
기전공학과
14
6
20
32
20
65
140
기계시스템공학과
14
6
20
31
20
65
140
토목공학과
16
4
20
32
24
65
140
컴퓨터공학과
12
8
20
19
7
65
140
컴퓨터소프트웨어공학과
14
6
20
22
10
65
140
소재디자인공학과
12
8
20
30
25
65
140
광시스템공학과
20
20
25
65
140
수리빅데이터학과(응용수학과)
20
20
25
65
140
화학생명과학과(응용화학과)
20
20
25
65
140
자연과학부 물리학전공
",국립금오공과대학교 | 교육 | 대학 학사안내 | 교육과정안내,https://www.kumoh.ac.kr/ko/sub02_03_04_02.do,https://www.kumoh.ac.kr/ko/sub02_03_04_02.do,data/fixtures/ko__sub02_03_04_02.do__7389311f8d09e42c.html,www.kumoh.ac.kr,/ko/sub02_03_04_02.do,ko,2025-09-23,,www.kumoh.ac.kr,article,8564,9371,9351ba37594c2d438e5a340c8cd0229b65ecd8b53b52b5e56d099e35dd018341,675289f012f62e20d8d3ca782721ae2e1b0f56f3a120d8e5fe083daafbcfb3f5,ko,
www_kumoh_ac_kr_ko_sub02_03_04_02_do_0014,www_kumoh_ac_kr_ko_sub02_03_04_02_do,"
광시스템공학과
20
20
25
65
140
수리빅데이터학과(응용수학과)
20
20
25
65
140
화학생명과학과(응용화학과)
20
20
25
65
140
자연과학부 물리학전공
20
20
25
65
140
경영학과
20
20
9
65
140
가. 대상자
1)
2006학년도 이후 입학자
2)
2008학년도 이후 편입학자
3)
2005학년도 이전 입학자로서 2006학년도 이후 1학년 1학기 복학자(또는 재입학자)
나. 공학교육 비인증과정 이수자 교양 이수 : 교양필수, 교양심화, 교양선택 구분 없이 교양 20학점을 이수하면 된다.
6. 2005학년도 이전 입학자 교육과정 이수 기준표
2005학년도 이전 입학자 교육과정 이수 기준표 : 학 부(과)별 교양(교양필수, 교양심화, 교양선택, 계), MSC(공학교육인증과정필수, 공학교육비인증과정필수)전공(필수 포함), 졸업학점의 2005학년도 이전 입학자 교육과정 이수 기준표입니다.
학 부(과)
전문교양(교양)
MSC
(기초도구)
전공
(필수 포함)
졸업학점
교양
필수
교양
심화
교양
선택
계
공학교육
비인증과정
필수
기계공학부
20
20
16
60
140
전자공학부
20
20
8
60
140
전자공학부
정보전자전공
20
20
8
60
140
제어및로봇전공
20
20
8
60
140
전자통신전공
20
20
8
60
140
전자및전파전공
20
20
8
60
140
전자IT융합전공
20
20
8
60
140
토목환경공학부
환경공학전공
20
20
19
60
140
건축학부
건축학전공
20
20
16
120
170
건축공학전공
20
20
16
60
140
산업공학부
산업경영공학전공
",국립금오공과대학교 | 교육 | 대학 학사안내 | 교육과정안내,https://www.kumoh.ac.kr/ko/sub02_03_04_02.do,https://www.kumoh.ac.kr/ko/sub02_03_04_02.do,data/fixtures/ko__sub02_03_04_02.do__7389311f8d09e42c.html,www.kumoh.ac.kr,/ko/sub02_03_04_02.do,ko,2025-09-23,,www.kumoh.ac.kr,article,9271,10075,82b7e7244d91bb3acb821b2b83a27afeb311ba6573b6f121c8f22f58e1498fae,675289f012f62e20d8d3ca782721ae2e1b0f56f3a120d8e5fe083daafbcfb3f5,ko,
www_kumoh_ac_kr_ko_sub02_03_04_02_do_0015,www_kumoh_ac_kr_ko_sub02_03_04_02_do,"40
토목환경공학부
환경공학전공
20
20
19
60
140
건축학부
건축학전공
20
20
16
120
170
건축공학전공
20
20
16
60
140
산업공학부
산업경영공학전공
20
20
24
60
140
디자인공학전공
20
20
24
60
140
에너지융합소재공학부
고분자융합소재공학전공
20
20
24
60
140
에너지화학공학전공
20
20
24
60
140
화학소재융합공학부
고분자공학전공
20
20
24
60
140
소재디자인공학전공
20
20
24
60
140
환경공학전공
20
20
19
60
140
응용화학전공
20
20
24
60
140
화학공학전공
20
20
24
60
140
자연과학부
물리학전공
20
20
24
60
140
신소재공학부
20
20
24
60
140
기계공학과
20
20
16
60
140
기계설계공학과
20
20
16
60
140
지능기계공학과
20
20
16
60
140
기전공학과
20
20
16
60
140
기계시스템공학과
20
20
16
60
140
토목공학과
20
20
23
60
140
컴퓨터공학과
20
20
3
60
140
컴퓨터소프트웨어공학과
20
20
3
60
140
소재디자인공학과
20
20
24
60
140
광시스템공학과
20
20
24
60
140
수리빅데이터학과(응용수학과)
20
20
24
60
140
화학생명과학과(응용화학과)
20
20
24
60
140
경영학과
20
20
8
60
140
가. 대상자
1)
2005년도 이전 입학자
2)
2007학년도 이전 편입학자
3)
2005학년도 이전 입학자(편입자는 2007학년도)로서 복학시 공학교육인증과정을 선택한 ",국립금오공과대학교 | 교육 | 대학 학사안내 | 교육과정안내,https://www.kumoh.ac.kr/ko/sub02_03_04_02.do,https://www.kumoh.ac.kr/ko/sub02_03_04_02.do,data/fixtures/ko__sub02_03_04_02.do__7389311f8d09e42c.html,www.kumoh.ac.kr,/ko/sub02_03_04_02.do,ko,2025-09-23,,www.kumoh.ac.kr,article,9975,10775,9ff849b4a7f52a9288324d49a110128381fafd76995ac01b62b6b0fcaaa69181,675289f012f62e20d8d3ca782721ae2e1b0f56f3a120d8e5fe083daafbcfb3f5,ko,
www_kumoh_ac_kr_ko_sub02_03_04_02_do_0016,www_kumoh_ac_kr_ko_sub02_03_04_02_do,"
140
가. 대상자
1)
2005년도 이전 입학자
2)
2007학년도 이전 편입학자
3)
2005학년도 이전 입학자(편입자는 2007학년도)로서 복학시 공학교육인증과정을 선택한 자가 재학 중 공학교육비인증과정으로 변경한 자",국립금오공과대학교 | 교육 | 대학 학사안내 | 교육과정안내,https://www.kumoh.ac.kr/ko/sub02_03_04_02.do,https://www.kumoh.ac.kr/ko/sub02_03_04_02.do,data/fixtures/ko__sub02_03_04_02.do__7389311f8d09e42c.html,www.kumoh.ac.kr,/ko/sub02_03_04_02.do,ko,2025-09-23,,www.kumoh.ac.kr,article,10675,10800,644c92793e6a4450fd1de26642fcb91f70682c3278a9d3d744f172fa06a1b8a2,675289f012f62e20d8d3ca782721ae2e1b0f56f3a120d8e5fe083daafbcfb3f5,ko,
www_kumoh_ac_kr_ko_sub04_01_01_do_0001,www_kumoh_ac_kr_ko_sub04_01_01_do,"자치단체
총학생회
총학생회는 민주적이고 실천적인 학생 자치 활동을 통하여 민주시민으로서의 자질 함양과 학생들간의 단결을 강화하고, 창조적 정신에 입각한 진리 탐구와 사회 유대 속에 한국사회의 발전적 변화에 기여하는 단체입니다.
총학생회 위치 및 전화번호 안내표입니다.
위치
학생회관 205호
전화번호
054) 478-6802~3
동아리연합회
동아리는요 ""순수 우리말로 목적이 같은 사람들의 한패를 이룬 무리""라는 뜻입니다. 흔히 동아리를 공동의 이해와 요구에 따라 활동하는 동호인 모임이라고 쉽게 생각을 합니다. 물론 대학에서는 학과 전공도 중요하지만 전공만이 가치 실현의 내용은 될 수 없습니다. 각자의 관심에 맞춰 자기의 삶을 풍요롭게 하는 다양한 동아리를 통해 요즘 사회 전반에 펴져 있는 개인주의, 이기주의에서 벗어나 내가 아닌 우리임을 깨닫고 자기를 발전시키는 토대를 마련 할 수 있는 곳이 동아리라고 할 수 있습니다.
동아리연합회 위치 및 전화번호 안내표입니다.
위치
학생회관 209호
전화번호
054) 478-6808
학생복지위원회
학생복지위원회 위치 및 전화번호 안내표입니다.
위치
학생회관 208호
전화번호
054) 478-6807
졸업준비위원회
졸업준비위원회는 4학년을 대표하는 복지기구로서 졸업 예정자를 위한 각종 사업 및 기념 앨범, 졸업기념품 제작 등을 담당하고 사회진출(취업)사업을 통해서 예비 사회인들에게 사회 적응력을 높일 수 있도록 여러 가지 취업특강 및 취업과 관련한 정보를 제공하는 단체입니다.
졸업준비위원회 위치 및 전화번호 안내표입니다.
위치
학생회관 109-1호
전화번호
054) 478-6809
",국립금오공과대학교 | 대학생활 | 학생활동 | 자치단체,https://www.kumoh.ac.kr/ko/sub04_01_01.do,https://www.kumoh.ac.kr/ko/sub04_01_01.do,data/fixtures/ko__sub04_01_01.do__c476080ab4659c97.html,www.kumoh.ac.kr,/ko/sub04_01_01.do,ko,2025-09-23,,www.kumoh.ac.kr,article,0,804,12b7d3d2f32a1e2b911e1d6952c9e61da054b8799df350c93289aa30ae6416c4,6acb9f3209711100c8c3eea129cfe71a44b5654f06a022b78ffcf51da57e42c5,ko,
www_kumoh_ac_kr_ko_sub04_01_01_do_0002,www_kumoh_ac_kr_ko_sub04_01_01_do,"도록 여러 가지 취업특강 및 취업과 관련한 정보를 제공하는 단체입니다.
졸업준비위원회 위치 및 전화번호 안내표입니다.
위치
학생회관 109-1호
전화번호
054) 478-6809
감사위원회
감사위원회는 전체학생 대표자 회의의 상설기구로서 각 자치단체의 제반 활동에 대하여 건전한 비판으로 원활한 활동과 합리적인 예산운용을 유도하여 학원의 자율과 발전에 힘쓰며 기여함을 목표로 하며 신뢰성있는 감사와 실제적인 권한을 가진 전문성을 띤 학생회 견제기구입니다.
감사위원회 위치 및 전화번호 안내표입니다.
위치
학생회관 207호
전화번호
054) 478-6806
금오편집위원회
금오편집위원회는 시대의 역사적 흐름 속에서 다양한 계층의 목소리를 반영해왔으며 대학 언론으로서 순수성과 중립을 지키기 위해 외부의 탄압에 맞서 지속적인 투쟁을 해오고 있다. 또, 학내 부분에 대해서 금오 학우들의 목소리를 최대한 반영하기 위해 오늘도 노력하고 있다.
교지편집위원회 위치 및 전화번호 안내표입니다.
위치
학생회관 211호
전화번호
054) 478-6810
대학원 원우회
국립금오공과대학교 대학원 원우회는 대학원의 발전을 위해서 연구하고 창조하는 학원의 기풍을 조성하여 자치활동을 통한 협동심과 회원 상호간의 권익 옹호 및 친목 도모를 목적으로 하는 단체 입니다. 대학원우들의 문제점 및 각종 건의 사항들을 대표자 회의를 통해 문제를 해결하고 대학원우들을 대표하여 각종 체육대회 및 산업시찰들을 준비합니다.
대학원 원우회 위치 및 전화번호 안내표입니다.
위치
학생회관 211호
전화번호
054) 478-6810",국립금오공과대학교 | 대학생활 | 학생활동 | 자치단체,https://www.kumoh.ac.kr/ko/sub04_01_01.do,https://www.kumoh.ac.kr/ko/sub04_01_01.do,data/fixtures/ko__sub04_01_01.do__c476080ab4659c97.html,www.kumoh.ac.kr,/ko/sub04_01_01.do,ko,2025-09-23,,www.kumoh.ac.kr,article,704,1483,83341703e8d3ebd7e52a698f4a872f4bf3b0a2303393d3bfb9be8467faefe892,6acb9f3209711100c8c3eea129cfe71a44b5654f06a022b78ffcf51da57e42c5,ko,
www_kumoh_ac_kr_ko_sub04_01_02_do_0001,www_kumoh_ac_kr_ko_sub04_01_02_do,"동아리
문화예술 분야
문화예술 분야의 동아리명, 동아리소개에 관한 정보 제공표
동아리명
동아리 소개
금오사진예술연구회
사진 예술을 통한 취미 생활
불모지대
연극을 통한 예술 활동
소리샘
통기타 활동을 통한 대학문화 창달
FAZE
그룹사운드
(
밴드
)
타니말라
락 밴드 동아리
OVERFLOW
힙합 문화 보급
C.O.K
클래식 연주 및 오케스트라 공연을 통한 문화 활동
공데쌩
미술을 통한 힐링
학술 분야
학술 분야의 동아리명, 동아리소개에 관한 정보 제공표
동아리명
동아리 소개
밤하늘
천문관측을 통한 천문지식의 이해
KITE
영어 회화 수업 및 토익 수업
거북선신화
발명을 통한 창업
E.C.R.C
전자회로에 관한 연구
묵향
서도를 통한 인격 수양
Auto-Mania
자동차 연구 동아리
치즈
디자인을 통한 자기계발
체육활동 분야
체육활동 분야의 동아리명, 동아리소개에 관한 정보 제공표
동아리명
동아리 소개
금오테니스
테니스인의 저변 확대 및 심신 단련
태양농구회
농구를 통한 건강한 신체 및 정신 단련
한알탁구회
탁구인의 저변 확대 및 심신 단련
코브라
축구를 통한 심신 단련
Golden Crows
야구를 통한 심신 단련
스파크
족구를 통한 친목 도모
,
운동
,
체력 증진
,
동아리 다양성 증진
RAVENS
미식축구를 통한 심신 단련 및 사회 봉사
하이클리어
배드민턴을 통한 건강한 신체 및 심신 단련
금오태극회
태권도 기술 익히기와 보급
유맥
유도를 통한 심신 단련
활인검
검도생활을 통한 심신 단련
해동검도
전통검도를 통한 심신 단련
금오관
(UFK)
무에타이 동아리
레저 분야
레저 분야의 동아리명, 동아리소개에 관한 정보 제공표
",국립금오공과대학교 | 대학생활 | 학생활동 | 동아리,https://www.kumoh.ac.kr/ko/sub04_01_02.do,https://www.kumoh.ac.kr/ko/sub04_01_02.do,data/fixtures/ko__sub04_01_02.do__95059b9d906fe90b.html,www.kumoh.ac.kr,/ko/sub04_01_02.do,ko,2025-09-23,,www.kumoh.ac.kr,article,0,811,7ef002ab6b52716f52f44ad9b0a2f457831d1c1cf4729cf4574b3aef332d58e9,f6e383e0e06d83b72adfb81ea08769a86e735bf064990055f56342fbd579a4b6,ko,
www_kumoh_ac_kr_ko_sub04_01_02_do_0002,www_kumoh_ac_kr_ko_sub04_01_02_do,"심신 단련
활인검
검도생활을 통한 심신 단련
해동검도
전통검도를 통한 심신 단련
금오관
(UFK)
무에타이 동아리
레저 분야
레저 분야의 동아리명, 동아리소개에 관한 정보 제공표
동아리명
동아리 소개
Sea-Bird
바닷속 풍경보기
(
스킨스쿠버
)
금오공대산악부
등반활동을 통한 건전한 정신함양
금오인라인
인라인 즐기고 배우기
금오영상문화연구회
영화에 대한 폭넓은 이해와 연구
캠퍼스
캠핑에 대한 모든 것
!
캠핑을 느껴봐
!
망설이지말고
(
망고
)
여행을 통한 친목도모 및 스트레스 해소
사회·종교· 분야
사회·종교· 분야의 동아리명, 동아리소개에 관한 정보 제공표
동아리명
동아리 소개
구미나눔학교
교육 봉사 동아리
두손모아사랑을
...
수화 봉사 동아리
NOBEL
사회봉사
,
자연보호
,
지역사회발전 활동
YMCA
지역문화 활동
,
지역사회 봉사
아이나래
자기역량 개발
,
지역사회 개발
,
세계와의 우정
with us
미취학 아동의 인성발달과 자아실현을 위한 교육 봉사
미크로코스모스
캠퍼스내 복음화 및 지역사회봉사 활동
C.C.C.
예수 그리스도를 전하고 크리스찬 문화 보급
미담장학회
교육 봉사 동아리
kit-cat
유기동물 보호 및 봉사동아리",국립금오공과대학교 | 대학생활 | 학생활동 | 동아리,https://www.kumoh.ac.kr/ko/sub04_01_02.do,https://www.kumoh.ac.kr/ko/sub04_01_02.do,data/fixtures/ko__sub04_01_02.do__95059b9d906fe90b.html,www.kumoh.ac.kr,/ko/sub04_01_02.do,ko,2025-09-23,,www.kumoh.ac.kr,article,711,1304,90943edbe4aabb6bc5330de14f634a11b0d3b9893c928b0d9ae2a2c6178c6428,f6e383e0e06d83b72adfb81ea08769a86e735bf064990055f56342fbd579a4b6,ko,
www_kumoh_ac_kr_ko_sub04_01_03_01_do_0001,www_kumoh_ac_kr_ko_sub04_01_03_01_do,"주요행사
금오대동제
금오대동제
금오공학제
금오대동제
우리 대학의 축전인 금오대동제는 개교기념일(5월 22일)을 전후로 3일간에 걸쳐 금오인들이 한자리에 모여 평소 닦아온 젊은이의 지혜와 기상을 마음껏 펼치는 잔치이다. 금오대동제에서는 전야제, 학·예술제, 체육활동 등 다양한 프로그램을 진행함으로써 행사 기간 중 금오동산은 온통 축제 분위기의 열기로 가득하다. 특히 종야제 행사에는 시민 한마당 행사를 개최하여 지역 문화를 선도함으로써 대학의 위상을 드높이고 있다.",국립금오공과대학교 | 대학생활 | 학생활동 | 주요행사,https://www.kumoh.ac.kr/ko/sub04_01_03_01.do,https://www.kumoh.ac.kr/ko/sub04_01_03_01.do,data/fixtures/ko__sub04_01_03_01.do__6a1b6b9d81c602dc.html,www.kumoh.ac.kr,/ko/sub04_01_03_01.do,ko,2025-09-23,,www.kumoh.ac.kr,article,0,260,056df5c2b769397c95d2269d7b24f069a779c7dc677581317b3b2c1c6493abf3,056df5c2b769397c95d2269d7b24f069a779c7dc677581317b3b2c1c6493abf3,ko,
www_kumoh_ac_kr_ko_sub04_02_07_01_do_0001,www_kumoh_ac_kr_ko_sub04_02_07_01_do,"통학버스
구미지역통학버스
대구통학버스
공용차량 운영현황
구미지역 통학버스
운행버스
: 학교버스
승차요금
:
무료 (우리 대학을 방문하시는 누구나 이용 가능)
승차 장소
등교 시: 아래 승차 장소 참조
하교 시: Kit 라운지(정문 옆 버스 승차장)
행정사항
: 교통 여건상 경유시간을 정확히 맞추기 어려운 점 양해 부탁드립니다.
안내 사항
학기 중 등교 구미역(09:15) 노선은 학교버스가 아닌 임차버스(구미고속관광)입니다.
교통 상황에 따라 출발/도착 시간이 지연될 수 있습니다.
좌석은 예약제가 아니라 선착순으로 탑승하며, 만석일 경우 탑승할 수 없습니다..
담당 부서
사무국 총무과 재산관리팀 (054-478-6779)
승차 장소
승하차구역안내
운행시간표 (학기 중)
학기 중 통학 버스 시간표: 구분, 시간대, 방면, 출발/도착 시간을 나타내는 정보표
구분
시간대
방면
출발/도착 시간
등교
08시
구미역‧터미널
구미역(08:15) → 버스터미널(08:20) → 양호캠퍼스(08:50)
형곡‧신평‧옥계
형곡네거리(08:00) → 신평캠퍼스 후문(08:05) → 양호캠퍼스(08:25) → 양포동행정복지센터(08:35) → 옥계대우아파트(08:38) → 양호캠퍼스(08:50)
09시
구미역‧터미널 [임차버스]
구미역(09:15) → 버스터미널(09:20) → 양호캠퍼스(09:45)
신평캠퍼스 [학교버스]
양호캠퍼스(09:15) → 신평캠퍼스 후문(09:25) → 양호캠퍼스(09:45)
10시
구미역‧터미널
양호캠퍼스(10:00) → 구미역(10:15) → 버스터미널(10:20) → 신평캠퍼스 후문(10:25) → 양호캠퍼스(10:45)
",국립금오공과대학교 | 대학생활 | 후생복지 | 통학버스,https://www.kumoh.ac.kr/ko/sub04_02_07_01.do,https://www.kumoh.ac.kr/ko/sub04_02_07_01.do,data/fixtures/ko__sub04_02_07_01.do__a1e203e84aff1a6c.html,www.kumoh.ac.kr,/ko/sub04_02_07_01.do,ko,2025-09-23,,www.kumoh.ac.kr,article,0,812,bb3c98ba94ec2cbd288fa7df22ec1ebe07ab456ecabbb263a848457fb3e98677,950034182b4559b47769bc70403204ae01b7f31ed2ec0095a288fda291fe595b,ko,
www_kumoh_ac_kr_ko_sub04_02_07_01_do_0002,www_kumoh_ac_kr_ko_sub04_02_07_01_do," 양호캠퍼스(09:45)
10시
구미역‧터미널
양호캠퍼스(10:00) → 구미역(10:15) → 버스터미널(10:20) → 신평캠퍼스 후문(10:25) → 양호캠퍼스(10:45)
11시
신평캠퍼스
양호캠퍼스(11:10) → 신평캠퍼스 정문(11:18) → 신평캠퍼스 후문(11:19) → 양호캠퍼스(11:45)
하교
13시
구미역‧터미널
양호캠퍼스(13:00) → 신평캠퍼스 정문(13:08) → 버스터미널(13:13) → 구미역(13:18) → 신평캠퍼스 후문(13:31) → 양호캠퍼스(13:50)
15시
신평캠퍼스
양호캠퍼스(15:10) → 신평캠퍼스 정문(15:18) → 신평캠퍼스 후문(15:19) → 양호캠퍼스(15:40)
16시
구미역‧터미널
양호캠퍼스(16:10) → 신평캠퍼스 정문(16:18) → 버스터미널(16:23) → 구미역(16:28) → 신평캠퍼스 후문(16:41) → 양호캠퍼스(17:00)
18시
옥계
양호캠퍼스(18:10) → 옥계대우아파트(18:20) → 양포동행정복지센터(18:25) → 양호캠퍼스(18:40)
신평‧구미역‧터미널
양호캠퍼스(18:10) → 신평캠퍼스 후문(18:20) → 버스터미널(18:25) → 구미역(18:30) → 양호캠퍼스(18:50)
※토요일 및 공휴일 미운행
운행시간표 (계절학기)
계절학기 통학 버스 시간표: 구분, 시간대, 방면, 출발/도착 시간을 나타내는 정보표
구분
시간대
방면
출발/도착 시간
등교
08시
구미역‧터미널‧신평
구미역(08:15) → 형곡네거리(08:20) → 버스터미널(08:25) → 신평캠퍼스 후문(08:30) → 양호캠퍼스(08:50)
",국립금오공과대학교 | 대학생활 | 후생복지 | 통학버스,https://www.kumoh.ac.kr/ko/sub04_02_07_01.do,https://www.kumoh.ac.kr/ko/sub04_02_07_01.do,data/fixtures/ko__sub04_02_07_01.do__a1e203e84aff1a6c.html,www.kumoh.ac.kr,/ko/sub04_02_07_01.do,ko,2025-09-23,,www.kumoh.ac.kr,article,712,1514,957fdbe5628ef9c9de614446a3dbb414cdc18e3b6bab63f19aa19a09b680b746,950034182b4559b47769bc70403204ae01b7f31ed2ec0095a288fda291fe595b,ko,
www_kumoh_ac_kr_ko_sub04_02_07_01_do_0003,www_kumoh_ac_kr_ko_sub04_02_07_01_do,"발/도착 시간
등교
08시
구미역‧터미널‧신평
구미역(08:15) → 형곡네거리(08:20) → 버스터미널(08:25) → 신평캠퍼스 후문(08:30) → 양호캠퍼스(08:50)
옥계
양포동행정복지센터(08:30) → 옥계대우아파트(08:33) → 양호캠퍼스(08:50)
09시
구미역‧터미널
양호캠퍼스(09:00) → 구미역(09:15) → 버스터미널(09:20) → 신평캠퍼스 후문(09:25) → 양호캠퍼스(09:45)
하교
16시
구미역‧터미널
양호캠퍼스(16:10) → 신평캠퍼스 정문(16:18) → 버스터미널(16:23) → 구미역(16:28) → 신평캠퍼스 후문(16:41) → 양호캠퍼스(17:00)
18시
옥계
양호캠퍼스(18:10) → 옥계대우아파트(18:20) → 양포동행정복지센터(18:25) → 양호캠퍼스(18:40)
신평‧구미역‧터미널
양호캠퍼스(18:10) → 신평캠퍼스 후문(18:20) → 버스터미널(18:25) → 구미역(18:30) → 양호캠퍼스(18:50)
운행시간표 (방학기간)
방학기간 통학 버스 시간표: 구분, 시간대, 방면, 출발/도착 시간을 나타내는 정보표
구분
시간대
방면
출발/도착 시간
등교
08시
구미역‧터미널‧신평
구미역(08:15) → 형곡네거리(08:20) → 버스터미널(08:25) → 신평캠퍼스 후문(08:30) → 양호캠퍼스(08:50)
옥계
양포동행정복지센터(08:30) → 옥계대우아파트(08:33) → 양호캠퍼스(08:50)
하교
18시
옥계
양호캠퍼스(18:10) → 옥계대우아파트(18:20) → 양포동행정복지센터(18:25) → 양호캠퍼스(18:40)
신평‧구미역‧터미널
",국립금오공과대학교 | 대학생활 | 후생복지 | 통학버스,https://www.kumoh.ac.kr/ko/sub04_02_07_01.do,https://www.kumoh.ac.kr/ko/sub04_02_07_01.do,data/fixtures/ko__sub04_02_07_01.do__a1e203e84aff1a6c.html,www.kumoh.ac.kr,/ko/sub04_02_07_01.do,ko,2025-09-23,,www.kumoh.ac.kr,article,1414,2224,d96b778d81f2cece26e866c1ce03147b781dd51080f622a00f0b7acd69be3b2d,950034182b4559b47769bc70403204ae01b7f31ed2ec0095a288fda291fe595b,ko,
www_kumoh_ac_kr_ko_sub04_02_07_01_do_0004,www_kumoh_ac_kr_ko_sub04_02_07_01_do,"→ 양호캠퍼스(08:50)
하교
18시
옥계
양호캠퍼스(18:10) → 옥계대우아파트(18:20) → 양포동행정복지센터(18:25) → 양호캠퍼스(18:40)
신평‧구미역‧터미널
양호캠퍼스(18:10) → 신평캠퍼스 후문(18:20) → 버스터미널(18:25) → 구미역(18:30) → 양호캠퍼스(18:50)",국립금오공과대학교 | 대학생활 | 후생복지 | 통학버스,https://www.kumoh.ac.kr/ko/sub04_02_07_01.do,https://www.kumoh.ac.kr/ko/sub04_02_07_01.do,data/fixtures/ko__sub04_02_07_01.do__a1e203e84aff1a6c.html,www.kumoh.ac.kr,/ko/sub04_02_07_01.do,ko,2025-09-23,,www.kumoh.ac.kr,article,2124,2297,84cc8e027ebe1123ea268e585d09dcc71076381fd0b89bb18995870e59aab2c4,950034182b4559b47769bc70403204ae01b7f31ed2ec0095a288fda291fe595b,ko,
www_kumoh_ac_kr_ko_sub05_01_01_do_0001,www_kumoh_ac_kr_ko_sub05_01_01_do,"주요연구성과
전임교원 연구실적
전임교원 연구실적 정보표 : 기준연도, 전임교원, 논문실적 - 총계 (국내 (소계, 연구재단등재지(후보포함), 기타국내발간일반학술지), 국제 (소계, SCI급/SCOPUS 학술지, 기타 국제발간 일반학술지), 저역서 실적(계, 저서, 역서), 전임교원 1인당 논문(국내기준, 국제기준, 연구재단등재지 (후보포함), SCI급/SCOPUS 학술지), 전임교원 1인당 저 역서실적 내용을 제공하는 정보표입니다.
기준연도
전임교원
논문실적
저 역서 실적
전임교원 1인당 논문
전임교원 1인당 저 역서실적
총계
국내
국제
소계
연구재단등재지(후보포함)
기타국내발간일반학술지
소계
SCI급/SCOPUS 학술지
기타 국제발간 일반학술지
계
저서
역서
국내기준
국제기준
연구재단등재지(후보포함)
SCI급/SCOPUS 학술지
2018
229
208.3335
105.7662
98.8899
6.8763
102.5673
88.265
14.3023
19.5593
16.4593
3.1
0.4619
0.4479
0.4318
0.3854
0.0854
2019
230
235.1896
109.134
100.1483
8.9857
126.0556
119.0238
7.0318
14.4137
14.4137
0
0.4745
0.5481
0.4354
0.5175
0.0627
2020
229
244.9387
129.248
117.6147
11.6333
115.6907
111.2371
4.4536
22.5916
22.4916
0.1
0.5644
0.5052
0.5136
0.4858
0.0987
전임교원 연구비 수혜실적
전임교원 연구비",국립금오공과대학교 | 연구/산학/사업 | 연구 | 주요연구성과,https://www.kumoh.ac.kr/ko/sub05_01_01.do,https://www.kumoh.ac.kr/ko/sub05_01_01.do,data/fixtures/ko__sub05_01_01.do__ec86adaba2b60998.html,www.kumoh.ac.kr,/ko/sub05_01_01.do,ko,2025-09-23,,www.kumoh.ac.kr,article,0,800,45d26c394e44891dfe023babe7d2e45e8354fd49852044a7ba5ecf132488d04a,cb4014d6366201f2b6286fe4bb6870834a0e579d20686b8b6a28a1be457e7988,ko,
www_kumoh_ac_kr_ko_sub05_01_01_do_0002,www_kumoh_ac_kr_ko_sub05_01_01_do,"5.6907
111.2371
4.4536
22.5916
22.4916
0.1
0.5644
0.5052
0.5136
0.4858
0.0987
전임교원 연구비 수혜실적
전임교원 연구비 수혜실적 정보표 : 기준연도, 전임교육, 연구비지원(계 (과제, 연구비 지원), 교내 (과제, 연구비 지원), 교외 (중앙정부 (과제, 연구비 지원)), (지자체 (과제, 연구비 지원)), (민간 (과제, 연구비 지원)), (외국 (과제, 연구비 지원))), 대응자금(연구비) - (교내, 교외), 전임교원 1인당 연구비 - (교내, 교외)에 관한 내용을 제공하는 정보표입니다.
기준연도
전임교원
연구비 지원
대응자금(연구비)
전임교원 1인당 연구비
계
교내
교외
중앙정부
지자체
민간
외국
과제
연구비 지원
과제
연구비 지원
과제
연구비 지원
과제
연구비 지원
과제
연구비 지원
과제
연구비 지원
교내
교외
교내
교외
2018
229
462
18,135,828
157
1,191,000
208
13,355,838
15
374,691
82
3,214,299
0
0
327,000
584,740
6,628.8
76,548.3
2019
230
465
18,193,968
170
1,316,000
207
12,920,297
13
368,491
73
3,284,968
2
304,212
327,000
560,726
7,143.5
75,820.4
2020
229
490
20,965,816
171
1,570,000
201
13,995,618
19
517,569
99
4,882,629
0
0
227,000
516,000
7,847.2
86,951.2",국립금오공과대학교 | 연구/산학/사업 | 연구 | 주요연구성과,https://www.kumoh.ac.kr/ko/sub05_01_01.do,https://www.kumoh.ac.kr/ko/sub05_01_01.do,data/fixtures/ko__sub05_01_01.do__ec86adaba2b60998.html,www.kumoh.ac.kr,/ko/sub05_01_01.do,ko,2025-09-23,,www.kumoh.ac.kr,article,700,1495,8a5d0976d242e87d0b3235f7c229dc12cb3df35abaa4c46b2c79f2a2e5e3f265,cb4014d6366201f2b6286fe4bb6870834a0e579d20686b8b6a28a1be457e7988,ko,
